,Mean,MCSE,StdDev,5%,50%,95%,N_Eff,N_Eff/s,R_hat
lp__,-80.5193,0.041603,1.83961,-84.0244,-80.202,-78.1431,1955.24,486.016,1.00286
alpha,-2.50061,0.00386018,0.235239,-2.89561,-2.49383,-2.13184,3713.65,923.105,1.00017
beta_size[1],0.254027,0.0143008,0.979948,-1.37741,0.267882,1.86354,4695.51,1167.17,1.00043
beta_size[2],0.121239,0.0145425,0.946531,-1.43178,0.149207,1.66914,4236.35,1053.03,0.99995
beta_size[3],-0.199036,0.0129171,0.954709,-1.75258,-0.185204,1.36109,5462.78,1357.89,0.999624
beta_size[4],0.277991,0.0138844,0.877194,-1.20341,0.314223,1.66665,3991.49,992.167,0.999517
beta_age_patch,-0.12092,0.013137,0.683556,-1.22461,-0.130637,1.00941,2707.294975,672.954257,0.999978
beta_patch,-0.620918,0.009754,0.485293,-1.43598,-0.618138,0.176974,2475.493652,615.335235,0.999786
M_pred[1],0.08,0.00442336,0.279499,0.0,0.0,1.0,3992.59,992.441,0.999965
M_pred[2],0.08175,0.00455538,0.284758,0.0,0.0,1.0,3907.54,971.301,0.999806
M_pred[3],0.08825,0.00468332,0.30329,0.0,0.0,1.0,4193.8,1042.46,0.99976
M_pred[4],0.085,0.00493498,0.29546,0.0,0.0,1.0,3584.49,890.999,0.99932
M_pred[5],0.0855,0.00474448,0.292765,0.0,0.0,1.0,3807.68,946.478,1.00059
M_pred[6],0.08225,0.00470138,0.291558,0.0,0.0,1.0,3845.91,955.981,0.999567
M_pred[7],0.084,0.00511522,0.286294,0.0,0.0,1.0,3132.54,778.659,1.00034
M_pred[8],0.085,0.00469579,0.291198,0.0,0.0,1.0,3845.55,955.891,0.999478
M_pred[9],0.08225,0.00459158,0.288107,0.0,0.0,1.0,3937.17,978.665,0.999643
M_pred[10],0.08375,0.00446194,0.285931,0.0,0.0,1.0,4106.52,1020.76,0.999856
M_pred[11],0.08375,0.00460093,0.290271,0.0,0.0,1.0,3980.29,989.383,0.999844
M_pred[12],0.085,0.00464275,0.29546,0.0,0.0,1.0,4049.94,1006.7,1.00092
M_pred[13],0.08075,0.00454265,0.288531,0.0,0.0,1.0,4034.28,1002.8,0.999816
M_pred[14],0.086,0.00462724,0.290043,0.0,0.0,1.0,3929.0,976.634,1.00009
M_pred[15],0.08425,0.0044849,0.288397,0.0,0.0,1.0,4135.0,1027.84,1.00143
M_pred[16],0.09,0.0047244,0.299036,0.0,0.0,1.0,4006.38,995.87,1.00002
M_pred[17],0.082,0.00452618,0.286001,0.0,0.0,1.0,3992.73,992.477,0.999474
M_pred[18],0.08625,0.00493027,0.292972,0.0,0.0,1.0,3531.09,877.726,1.00049
M_pred[19],0.07925,0.00460544,0.283707,0.0,0.0,1.0,3794.88,943.296,1.00125
M_pred[20],0.088,0.00457757,0.29373,0.0,0.0,1.0,4117.45,1023.48,1.00025
M_pred[21],0.09125,0.00466645,0.296556,0.0,0.0,1.0,4038.69,1003.9,0.999909
M_pred[22],0.0825,0.00450692,0.284102,0.0,0.0,1.0,3973.65,987.733,0.999522
M_pred[23],0.0875,0.00473125,0.293028,0.0,0.0,1.0,3835.89,953.489,0.99953
M_pred[24],0.0825,0.00459599,0.278771,0.0,0.0,1.0,3679.05,914.504,1.0026
M_pred[25],0.082,0.00465866,0.286001,0.0,0.0,1.0,3768.89,936.835,1.00089
M_pred[26],0.08625,0.00472476,0.296366,0.0,0.0,1.0,3934.58,978.021,1.00053
M_pred[27],0.0865,0.00477964,0.297557,0.0,0.0,1.0,3875.68,963.382,1.00144
M_pred[28],0.0895,0.00469954,0.30002,0.0,0.0,1.0,4075.6,1013.07,0.999112
M_pred[29],0.08075,0.00472764,0.287663,0.0,0.0,1.0,3702.36,920.299,0.999579
M_pred[30],0.08625,0.00466197,0.293824,0.0,0.0,1.0,3972.25,987.384,1.00284
M_pred[31],0.07875,0.00456706,0.274895,0.0,0.0,1.0,3622.94,900.556,1.00059
M_pred[32],0.08425,0.00460526,0.2927,0.0,0.0,1.0,4039.59,1004.12,1.00016
M_pred[33],0.08875,0.00470713,0.297314,0.0,0.0,1.0,3989.5,991.673,0.999775
M_pred[34],0.085,0.00458359,0.29291,0.0,0.0,1.0,4083.74,1015.1,0.999766
M_pred[35],0.08025,0.0044828,0.28606,0.0,0.0,1.0,4072.08,1012.2,1.00046
M_pred[36],0.0855,0.00475571,0.293618,0.0,0.0,1.0,3811.83,947.51,1.00033
M_pred[37],0.0845,0.00452223,0.28789,0.0,0.0,1.0,4052.72,1007.39,1.00013
M_pred[38],0.09125,0.00481287,0.300742,0.0,0.0,1.0,3904.64,970.58,0.999612
M_pred[39],0.079,0.0045269,0.285095,0.0,0.0,1.0,3966.23,985.889,0.999358
M_pred[40],0.07825,0.00470949,0.282218,0.0,0.0,1.0,3591.05,892.63,1.00019
M_pred[41],0.0425,0.00323622,0.20665,0.0,0.0,0.0,4077.53,1013.55,0.999987
M_pred[42],0.087,0.00451095,0.291466,0.0,0.0,1.0,4174.83,1037.74,0.99949
M_pred[43],0.08525,0.00467701,0.291554,0.0,0.0,1.0,3885.99,965.944,1.00003
M_pred[44],0.083,0.00454001,0.290916,0.0,0.0,1.0,4106.03,1020.64,0.999979
M_pred[45],0.074,0.00432838,0.272108,0.0,0.0,1.0,3952.12,982.381,0.99954
M_pred[46],0.08325,0.00456442,0.28695,0.0,0.0,1.0,3952.21,982.403,0.999624
M_pred[47],0.0825,0.00453207,0.291916,0.0,0.0,1.0,4148.81,1031.27,0.999883
M_pred[48],0.08675,0.00458881,0.291969,0.0,0.0,1.0,4048.3,1006.29,0.999763
M_pred[49],0.0805,0.00478201,0.286427,0.0,0.0,1.0,3587.62,891.777,0.999416
M_pred[50],0.047,0.00356641,0.217492,0.0,0.0,0.0,3718.99,924.433,1.0018
M_pred[51],0.03775,0.00327741,0.194511,0.0,0.0,0.0,3522.29,875.538,0.999852
M_pred[52],0.088,0.00484435,0.297116,0.0,0.0,1.0,3761.69,935.045,0.999627
M_pred[53],0.08175,0.00458753,0.282996,0.0,0.0,1.0,3805.44,945.92,1.00034
M_pred[54],0.04775,0.00346415,0.219048,0.0,0.0,0.0,3998.38,993.879,0.999279
M_pred[55],0.09025,0.00471303,0.297703,0.0,0.0,1.0,3989.94,991.781,1.00121
M_pred[56],0.0435,0.00332634,0.20765,0.0,0.0,0.0,3897.0,968.679,0.999513
M_pred[57],0.04475,0.00348563,0.213913,0.0,0.0,0.0,3766.29,936.189,1.00034
M_pred[58],0.04075,0.00324981,0.20396,0.0,0.0,0.0,3938.91,979.098,1.0013
M_pred[59],0.0385,0.0030628,0.192424,0.0,0.0,0.0,3947.12,981.138,0.999829
M_pred[60],0.0425,0.00336881,0.205437,0.0,0.0,0.0,3718.8,924.386,1.00066
M_pred[61],0.0455,0.00337234,0.215503,0.0,0.0,0.0,4083.58,1015.06,0.999562
M_pred[62],0.0435,0.00338217,0.211232,0.0,0.0,0.0,3900.57,969.568,0.99988
M_pred[63],0.045,0.00332995,0.215608,0.0,0.0,0.0,4192.3,1042.08,1.00002
M_pred[64],0.046,0.00326642,0.214232,0.0,0.0,0.0,4301.56,1069.24,0.999722
M_pred[65],0.04525,0.00336041,0.211456,0.0,0.0,0.0,3959.63,984.248,0.999727
M_pred[66],0.04725,0.00355224,0.220294,0.0,0.0,0.0,3845.94,955.988,0.999635
M_pred[67],0.0415,0.00321288,0.20196,0.0,0.0,0.0,3951.32,982.183,0.999374
M_pred[68],0.04775,0.00366232,0.220186,0.0,0.0,0.0,3614.66,898.499,1.00165
M_pred[69],0.0435,0.00338643,0.210045,0.0,0.0,0.0,3847.16,956.292,0.999657
M_pred[70],0.04325,0.00318617,0.20467,0.0,0.0,0.0,4126.4,1025.7,1.00001
M_pred[71],0.04825,0.00361265,0.224576,0.0,0.0,0.0,3864.36,960.567,0.99956
M_pred[72],0.05175,0.0036105,0.230402,0.0,0.0,0.0,4072.28,1012.25,1.00101
M_pred[73],0.04125,0.00343688,0.205083,0.0,0.0,0.0,3560.66,885.076,1.00122
M_pred[74],0.04575,0.00337519,0.214869,0.0,0.0,0.0,4052.73,1007.39,0.999996
M_pred[75],0.048,0.00348111,0.218421,0.0,0.0,0.0,3936.91,978.601,1.00015
M_pred[76],0.0505,0.00353422,0.223522,0.0,0.0,0.0,3999.96,994.272,1.00047
M_pred[77],0.0465,0.00343342,0.215289,0.0,0.0,0.0,3931.78,977.325,1.00003
M_pred[78],0.0445,0.00338777,0.209835,0.0,0.0,0.0,3836.44,953.626,0.999996
M_pred[79],0.0465,0.00353483,0.216447,0.0,0.0,0.0,3749.45,932.004,1.00019
M_pred[80],0.05075,0.00346332,0.225138,0.0,0.0,0.0,4225.82,1050.42,0.999991
M_pred[81],0.0475,0.00350992,0.217383,0.0,0.0,0.0,3835.83,953.474,0.999916
M_pred[82],0.04775,0.00346517,0.217903,0.0,0.0,0.0,3954.38,982.943,0.999751
M_pred[83],0.046,0.00337661,0.215396,0.0,0.0,0.0,4069.26,1011.5,1.00045
M_pred[84],0.047,0.00358948,0.216339,0.0,0.0,0.0,3632.52,902.937,0.99994
M_pred[85],0.0425,0.00328331,0.207857,0.0,0.0,0.0,4007.81,996.223,0.999975
M_pred[86],0.04475,0.00339753,0.216239,0.0,0.0,0.0,4050.79,1006.91,1.00017
M_pred[87],0.051,0.00352171,0.226742,0.0,0.0,0.0,4145.3,1030.4,0.999833
M_pred[88],0.05425,0.00376158,0.233068,0.0,0.0,1.0,3839.04,954.273,1.00015
M_pred[89],0.036,0.00298243,0.186313,0.0,0.0,0.0,3902.55,970.061,1.00014
M_pred[90],0.04875,0.00367679,0.226685,0.0,0.0,0.0,3801.1,944.841,0.999243
M_pred[91],0.03775,0.0030462,0.19833,0.0,0.0,0.0,4238.97,1053.68,0.999616
M_pred[92],0.051,0.00368934,0.227842,0.0,0.0,0.0,3813.91,948.025,1.00006
M_pred[93],0.04575,0.00342835,0.220611,0.0,0.0,0.0,4140.78,1029.28,1.00148
M_pred[94],0.0405,0.00324121,0.200922,0.0,0.0,0.0,3842.75,955.195,0.999647
M_pred[95],0.05125,0.00360676,0.232674,0.0,0.0,0.0,4161.59,1034.45,0.999178
M_pred[96],0.04075,0.00318255,0.201493,0.0,0.0,0.0,4008.4,996.37,1.00015
M_pred[97],0.04575,0.00344314,0.211348,0.0,0.0,0.0,3767.81,936.567,0.999811
M_pred[98],0.0405,0.00312407,0.200922,0.0,0.0,0.0,4136.33,1028.17,1.00078
M_pred[99],0.0455,0.00349878,0.21666,0.0,0.0,0.0,3834.64,953.179,0.999703
M_pred[100],0.039,0.00309155,0.197456,0.0,0.0,0.0,4079.31,1014.0,1.00063
M_pred[101],0.045,0.0034338,0.2121,0.0,0.0,0.0,3815.3,948.373,1.00011
M_pred[102],0.045,0.00345233,0.214445,0.0,0.0,0.0,3858.39,959.084,1.00039
M_pred[103],0.04075,0.00315218,0.202731,0.0,0.0,0.0,4136.34,1028.17,1.00075
M_pred[104],0.0415,0.00328893,0.203195,0.0,0.0,0.0,3816.94,948.781,0.999785
M_pred[105],0.04875,0.00360954,0.224468,0.0,0.0,0.0,3867.29,961.295,1.00075
M_pred[106],0.0515,0.00361458,0.228825,0.0,0.0,0.0,4007.65,996.185,1.00073
M_pred[107],0.0435,0.00335576,0.208851,0.0,0.0,0.0,3873.38,962.809,1.00077
M_pred[108],0.045,0.00333087,0.210917,0.0,0.0,0.0,4009.67,996.686,0.999938
M_pred[109],0.043,0.0031967,0.208954,0.0,0.0,0.0,4272.67,1062.06,0.999588
M_pred[110],0.041,0.00328403,0.208158,0.0,0.0,0.0,4017.66,998.674,0.999408
M_pred[111],0.04625,0.0033674,0.215923,0.0,0.0,0.0,4111.57,1022.02,1.0009
M_pred[112],0.046,0.00333835,0.214232,0.0,0.0,0.0,4118.2,1023.66,1.00011
M_pred[113],0.043,0.00329411,0.207754,0.0,0.0,0.0,3977.62,988.719,0.99986
M_pred[114],0.08375,0.00458513,0.290271,0.0,0.0,1.0,4007.77,996.214,1.00017
M_pred[115],0.03825,0.00307472,0.195695,0.0,0.0,0.0,4050.87,1006.93,0.999648
M_pred[116],0.05025,0.00364569,0.228556,0.0,0.0,0.0,3930.31,976.961,1.00091
M_pred[117],0.04725,0.00358366,0.219156,0.0,0.0,0.0,3739.86,929.619,0.999546
M_pred[118],0.04375,0.00328694,0.206994,0.0,0.0,0.0,3965.82,985.787,1.00061
M_pred[119],0.0865,0.00467457,0.297557,0.0,0.0,1.0,4051.86,1007.17,1.00007
M_pred[120],0.046,0.00350279,0.216554,0.0,0.0,0.0,3822.12,950.067,0.999682
M_pred[121],0.097,0.00484211,0.312435,0.0,0.0,1.0,4163.4,1034.9,0.99986
M_pred[122],0.04275,0.00330747,0.208407,0.0,0.0,0.0,3970.36,986.915,1.00119
M_pred[123],0.04275,0.00328758,0.209603,0.0,0.0,0.0,4064.83,1010.4,0.999727
M_pred[124],0.042,0.00326831,0.207959,0.0,0.0,0.0,4048.61,1006.37,1.0012
M_pred[125],0.043,0.0032355,0.207754,0.0,0.0,0.0,4123.04,1024.87,0.999317
M_pred[126],0.0415,0.003292,0.203195,0.0,0.0,0.0,3809.82,947.01,0.99991
M_pred[127],0.04525,0.0033224,0.213808,0.0,0.0,0.0,4141.37,1029.42,0.999661
M_pred[128],0.04675,0.00345644,0.214653,0.0,0.0,0.0,3856.7,958.663,0.999979
M_pred[129],0.04475,0.00338621,0.211562,0.0,0.0,0.0,3903.45,970.283,1.00026
M_pred[130],0.0485,0.00349492,0.221721,0.0,0.0,0.0,4024.74,1000.43,1.00023
M_pred[131],0.042,0.00326625,0.206753,0.0,0.0,0.0,4006.87,995.99,1.00007
M_pred[132],0.046,0.00338036,0.215396,0.0,0.0,0.0,4060.24,1009.26,0.999541
M_pred[133],0.0445,0.00342873,0.212205,0.0,0.0,0.0,3830.42,952.129,1.00079
M_pred[134],0.04,0.00334055,0.199775,0.0,0.0,0.0,3576.4,888.988,0.999802
M_pred[135],0.0535,0.00386716,0.235906,0.0,0.0,1.0,3721.29,925.004,1.00027
M_pred[136],0.04325,0.00332486,0.210691,0.0,0.0,0.0,4015.54,998.145,1.0008
M_pred[137],0.04875,0.00351531,0.222229,0.0,0.0,0.0,3996.45,993.401,0.999438
M_pred[138],0.04475,0.00368921,0.215079,0.0,0.0,0.0,3398.82,844.848,0.999555
M_pred[139],0.0465,0.00335284,0.214124,0.0,0.0,0.0,4078.56,1013.81,1.00167
M_pred[140],0.043,0.00323572,0.210148,0.0,0.0,0.0,4218.0,1048.47,0.999426
M_pred[141],0.0455,0.0033631,0.215503,0.0,0.0,0.0,4106.06,1020.65,1.00038
M_pred[142],0.04925,0.00357159,0.219856,0.0,0.0,0.0,3789.25,941.896,0.999566
M_pred[143],0.04325,0.00339564,0.2095,0.0,0.0,0.0,3806.49,946.183,1.00022
M_pred[144],0.044,0.00328489,0.214652,0.0,0.0,0.0,4270.0,1061.4,1.00024
M_pred[145],0.04075,0.00330609,0.205183,0.0,0.0,0.0,3851.7,957.421,0.999623
M_pred[146],0.03725,0.00309475,0.193318,0.0,0.0,0.0,3902.05,969.934,0.999763
M_pred[147],0.0395,0.00299042,0.194806,0.0,0.0,0.0,4243.63,1054.84,1.0002
M_pred[148],0.03825,0.0031547,0.199492,0.0,0.0,0.0,3998.82,993.989,1.0003
M_pred[149],0.04,0.00318764,0.203495,0.0,0.0,0.0,4075.39,1013.02,1.00033
M_pred[150],0.0425,0.00339154,0.20665,0.0,0.0,0.0,3712.6,922.844,0.999505
M_pred[151],0.044,0.00341778,0.212309,0.0,0.0,0.0,3858.78,959.179,1.00068
M_pred[152],0.0425,0.0034911,0.20665,0.0,0.0,0.0,3503.86,870.958,1.00124
M_pred[153],0.05325,0.00374997,0.233298,0.0,0.0,1.0,3870.5,962.093,1.00193
M_pred[154],0.04075,0.00322935,0.206398,0.0,0.0,0.0,4084.9,1015.39,0.99928
M_pred[155],0.04125,0.00341998,0.206299,0.0,0.0,0.0,3638.7,904.473,0.999804
M_pred[156],0.04725,0.00337332,0.214544,0.0,0.0,0.0,4044.97,1005.46,1.00022
M_pred[157],0.046,0.00341385,0.215396,0.0,0.0,0.0,3980.96,989.551,0.999961
M_pred[158],0.04075,0.00315248,0.201493,0.0,0.0,0.0,4085.25,1015.47,1.00103
M_pred[159],0.04225,0.00336999,0.207306,0.0,0.0,0.0,3784.13,940.623,0.999737
M_pred[160],0.04175,0.00336489,0.209805,0.0,0.0,0.0,3887.65,966.356,1.00066
M_pred[161],0.038,0.00309286,0.193818,0.0,0.0,0.0,3927.07,976.154,1.00016
M_pred[162],0.0455,0.00328688,0.211993,0.0,0.0,0.0,4159.83,1034.01,0.999365
M_pred[163],0.084,0.00480294,0.290629,0.0,0.0,1.0,3661.53,910.15,1.00023
M_pred[164],0.07675,0.00437222,0.27727,0.0,0.0,1.0,4021.62,999.657,1.00074
M_pred[165],0.0805,0.00453105,0.282028,0.0,0.0,1.0,3874.24,963.022,0.999608
M_pred[166],0.07475,0.00443457,0.272362,0.0,0.0,1.0,3772.16,937.648,0.999469
M_pred[167],0.08275,0.00461917,0.287094,0.0,0.0,1.0,3862.97,960.222,0.999602
M_pred[168],0.08725,0.00459176,0.296073,0.0,0.0,1.0,4157.57,1033.45,0.999775
M_pred[169],0.078,0.00446029,0.279169,0.0,0.0,1.0,3917.5,973.776,0.999322
M_pred[170],0.08275,0.00474874,0.285347,0.0,0.0,1.0,3610.67,897.508,1.00059
M_pred[171],0.09025,0.00491316,0.309239,0.0,0.0,1.0,3961.57,984.731,1.0019
M_pred[172],0.043,0.00331299,0.207754,0.0,0.0,0.0,3932.43,977.486,1.00011
M_pred[173],0.08875,0.00470293,0.296472,0.0,0.0,1.0,3974.01,987.824,0.999727
M_pred[174],0.092,0.00464906,0.300098,0.0,0.0,1.0,4166.73,1035.73,1.00018
M_pred[175],0.08525,0.00488936,0.289833,0.0,0.0,1.0,3513.93,873.46,1.00016
M_pred[176],0.0875,0.00472685,0.299777,0.0,0.0,1.0,4022.11,999.778,0.999551
M_pred[177],0.08275,0.00461122,0.286222,0.0,0.0,1.0,3852.78,957.688,0.999634
M_pred[178],0.09025,0.00472299,0.300212,0.0,0.0,1.0,4040.4,1004.32,0.999719
M_pred[179],0.04325,0.00344242,0.208303,0.0,0.0,0.0,3661.55,910.154,0.999697
M_pred[180],0.08625,0.00490467,0.295521,0.0,0.0,1.0,3630.43,902.419,1.00004
M_pred[181],0.09125,0.00478488,0.29991,0.0,0.0,1.0,3928.62,976.54,1.00053
M_pred[182],0.0855,0.00458053,0.289328,0.0,0.0,1.0,3989.79,991.745,0.9994
M_pred[183],0.087,0.00460316,0.295724,0.0,0.0,1.0,4127.26,1025.92,1.00014
M_pred[184],0.08175,0.00456312,0.285635,0.0,0.0,1.0,3918.32,973.979,1.00017
M_pred[185],0.08825,0.00501124,0.29493,0.0,0.0,1.0,3463.75,860.987,1.00037
M_pred[186],0.087,0.00482324,0.300755,0.0,0.0,1.0,3888.2,966.493,1.00015
M_pred[187],0.084,0.00461079,0.290629,0.0,0.0,1.0,3973.08,987.592,0.999344
M_pred[188],0.084,0.00462515,0.288903,0.0,0.0,1.0,3901.68,969.843,1.00062
M_pred[189],0.07475,0.00435321,0.268664,0.0,0.0,1.0,3808.91,946.783,1.00053
M_pred[190],0.0795,0.00458019,0.286706,0.0,0.0,1.0,3918.38,973.994,1.00071
M_pred[191],0.0835,0.00442076,0.282927,0.0,0.0,1.0,4095.96,1018.14,1.00058
M_pred[192],0.08725,0.00473737,0.296917,0.0,0.0,1.0,3928.21,976.438,1.00012
M_pred[193],0.09175,0.00486993,0.310413,0.0,0.0,1.0,4062.88,1009.91,0.999577
M_pred[194],0.0845,0.00456678,0.290484,0.0,0.0,1.0,4045.99,1005.71,0.99956
M_pred[195],0.0805,0.00437782,0.282028,0.0,0.0,1.0,4150.18,1031.61,0.999493
M_pred[196],0.083,0.00459028,0.283956,0.0,0.0,1.0,3826.71,951.208,1.00031
M_pred[197],0.089,0.00471944,0.303483,0.0,0.0,1.0,4135.13,1027.87,0.999589
M_pred[198],0.08325,0.00447805,0.283442,0.0,0.0,1.0,4006.37,995.865,0.999632
M_pred[199],0.08175,0.0044056,0.284758,0.0,0.0,1.0,4177.75,1038.47,0.999623
M_pred[200],0.09025,0.0049764,0.294324,0.0,0.0,1.0,3498.01,869.502,1.00051
M_pred[201],0.086,0.00482433,0.297701,0.0,0.0,1.0,3807.92,946.537,1.0018
M_pred[202],0.0835,0.00463696,0.290773,0.0,0.0,1.0,3932.25,977.443,0.999863
M_pred[203],0.0865,0.00453993,0.295871,0.0,0.0,1.0,4247.23,1055.74,0.999585
M_pred[204],0.08525,0.0045959,0.29241,0.0,0.0,1.0,4048.04,1006.22,0.999407
M_pred[205],0.08125,0.00486506,0.291839,0.0,0.0,1.0,3598.39,894.455,1.00066
M_pred[206],0.043,0.00336878,0.208954,0.0,0.0,0.0,3847.3,956.327,0.999929
M_pred[207],0.041,0.00321694,0.203296,0.0,0.0,0.0,3993.66,992.707,1.00001
M_pred[208],0.045,0.0034115,0.2121,0.0,0.0,0.0,3865.34,960.811,0.999304
M_pred[209],0.0435,0.0032627,0.208851,0.0,0.0,0.0,4097.48,1018.51,0.999651
M_pred[210],0.0435,0.00328803,0.211232,0.0,0.0,0.0,4127.13,1025.88,0.999919
M_pred[211],0.047,0.00330923,0.214015,0.0,0.0,0.0,4182.49,1039.64,0.999786
M_pred[212],0.041,0.00327235,0.199572,0.0,0.0,0.0,3719.46,924.55,1.00062
M_pred[213],0.04325,0.00337793,0.208303,0.0,0.0,0.0,3802.69,945.238,1.00048
M_pred[214],0.0435,0.00325637,0.208851,0.0,0.0,0.0,4113.43,1022.48,0.999822
M_pred[215],0.04475,0.00338,0.210377,0.0,0.0,0.0,3874.03,962.97,0.999967
M_pred[216],0.05175,0.00361046,0.229314,0.0,0.0,0.0,4034.02,1002.74,1.0004
M_pred[217],0.04225,0.00334938,0.206096,0.0,0.0,0.0,3786.27,941.156,0.999476
M_pred[218],0.04225,0.00329127,0.207306,0.0,0.0,0.0,3967.31,986.157,1.0001
M_pred[219],0.04125,0.00330183,0.201392,0.0,0.0,0.0,3720.26,924.747,0.999379
M_pred[220],0.0385,0.00310431,0.197554,0.0,0.0,0.0,4049.86,1006.68,1.00068
M_pred[221],0.0485,0.00346635,0.221721,0.0,0.0,0.0,4091.36,1016.99,1.00038
M_pred[222],0.0455,0.00332835,0.21081,0.0,0.0,0.0,4011.66,997.181,1.00045
M_pred[223],0.03825,0.00314202,0.195695,0.0,0.0,0.0,3879.2,964.255,0.999633
M_pred[224],0.048,0.00346544,0.218421,0.0,0.0,0.0,3972.59,987.469,1.00041
M_pred[225],0.04325,0.00324291,0.207099,0.0,0.0,0.0,4078.39,1013.77,0.999758
M_pred[226],0.0455,0.00342257,0.214339,0.0,0.0,0.0,3921.91,974.871,0.99932
M_pred[227],0.045,0.00337201,0.2121,0.0,0.0,0.0,3956.41,983.448,0.999635
M_pred[228],0.04975,0.0035093,0.223131,0.0,0.0,0.0,4042.76,1004.91,0.999992
M_pred[229],0.04875,0.00358965,0.222229,0.0,0.0,0.0,3832.63,952.68,1.00035
M_pred[230],0.04125,0.00321317,0.20386,0.0,0.0,0.0,4025.28,1000.57,0.999879
M_pred[231],0.0425,0.00314467,0.202988,0.0,0.0,0.0,4166.69,1035.72,1.00005
M_pred[232],0.0385,0.00304234,0.195006,0.0,0.0,0.0,4108.45,1021.24,1.00032
M_pred[233],0.09025,0.00513016,0.307618,0.0,0.0,1.0,3595.51,893.739,1.00064
M_pred[234],0.04,0.00335693,0.197255,0.0,0.0,0.0,3452.81,858.268,0.99969
M_pred[235],0.0465,0.00334254,0.211776,0.0,0.0,0.0,4014.19,997.81,1.00012
M_pred[236],0.058,0.0039014,0.240105,0.0,0.0,1.0,3787.57,941.48,1.00069
M_pred[237],0.045,0.00341431,0.215608,0.0,0.0,0.0,3987.69,991.223,0.999602
M_pred[238],0.0375,0.00318524,0.192621,0.0,0.0,0.0,3657.0,909.024,0.999519
M_pred[239],0.0445,0.00329826,0.20864,0.0,0.0,0.0,4001.52,994.662,0.999653
M_pred[240],0.0425,0.00330015,0.20665,0.0,0.0,0.0,3921.07,974.664,1.00087
M_pred[241],0.03925,0.00306586,0.196772,0.0,0.0,0.0,4119.27,1023.93,0.999648
M_pred[242],0.04075,0.00328461,0.20396,0.0,0.0,0.0,3855.88,958.458,0.999479
M_pred[243],0.04325,0.00327856,0.207099,0.0,0.0,0.0,3990.16,991.837,1.00063
M_pred[244],0.04575,0.00330801,0.212528,0.0,0.0,0.0,4127.61,1026.0,0.999802
M_pred[245],0.044,0.00328521,0.209941,0.0,0.0,0.0,4083.83,1015.12,1.00036
M_pred[246],0.03975,0.00318531,0.202929,0.0,0.0,0.0,4058.68,1008.87,1.00014
M_pred[247],0.0825,0.00451364,0.290198,0.0,0.0,1.0,4133.66,1027.51,0.999466
M_pred[248],0.04275,0.00319159,0.202318,0.0,0.0,0.0,4018.43,998.864,1.00005
M_pred[249],0.09325,0.0048364,0.306721,0.0,0.0,1.0,4022.0,999.753,0.999716
M_pred[250],0.08475,0.00457025,0.28998,0.0,0.0,1.0,4025.84,1000.71,0.999835
M_pred[251],0.08325,0.00460494,0.292131,0.0,0.0,1.0,4024.46,1000.36,1.00027
M_pred[252],0.0825,0.00462451,0.294475,0.0,0.0,1.0,4054.75,1007.89,1.0002
M_pred[253],0.0835,0.0045819,0.289048,0.0,0.0,1.0,3979.67,989.231,0.999203
M_pred[254],0.0965,0.00502346,0.318925,0.0,0.0,1.0,4030.61,1001.89,1.0003
M_pred[255],0.08575,0.00465478,0.292264,0.0,0.0,1.0,3942.32,979.947,0.999953
M_pred[256],0.0755,0.00460611,0.276259,0.0,0.0,1.0,3597.19,894.157,0.999552
M_pred[257],0.08075,0.0046346,0.289397,0.0,0.0,1.0,3899.08,969.197,1.00001
M_pred[258],0.037,0.00313356,0.190105,0.0,0.0,0.0,3680.54,914.874,1.00073
M_pred[259],0.08275,0.00441968,0.290557,0.0,0.0,1.0,4321.96,1074.31,0.999581
M_pred[260],0.05175,0.00362771,0.229314,0.0,0.0,0.0,3995.74,993.224,0.999624
M_pred[261],0.08575,0.00440435,0.291407,0.0,0.0,1.0,4377.62,1088.15,0.999938
M_pred[262],0.03975,0.00306045,0.197939,0.0,0.0,0.0,4183.04,1039.78,0.999954
M_pred[263],0.0905,0.00473614,0.298047,0.0,0.0,1.0,3960.23,984.398,0.999609
M_pred[264],0.077,0.00439528,0.282119,0.0,0.0,1.0,4119.93,1024.09,0.999265
M_pred[265],0.08675,0.00463764,0.297063,0.0,0.0,1.0,4103.01,1019.89,0.999893
M_pred[266],0.08725,0.00475239,0.296073,0.0,0.0,1.0,3881.27,964.771,0.999501
M_pred[267],0.08775,0.00475675,0.297611,0.0,0.0,1.0,3914.49,973.028,0.999932
M_pred[268],0.096,0.00503075,0.314339,0.0,0.0,1.0,3904.17,970.463,1.0019
M_pred[269],0.086,0.00464215,0.294322,0.0,0.0,1.0,4019.83,999.211,0.999527
M_pred[270],0.082,0.00446504,0.279813,0.0,0.0,1.0,3927.23,976.194,0.999876
M_pred[271],0.08275,0.00500278,0.287094,0.0,0.0,1.0,3293.26,818.607,1.00033
M_pred[272],0.082,0.00461165,0.284247,0.0,0.0,1.0,3799.07,944.338,1.00115
M_pred[273],0.084,0.0047283,0.2949,0.0,0.0,1.0,3889.9,966.914,1.00024
M_pred[274],0.0845,0.00483614,0.298968,0.0,0.0,1.0,3821.66,949.953,0.999861
M_pred[275],0.07825,0.00452132,0.275038,0.0,0.0,1.0,3700.45,919.823,0.99963
M_pred[276],0.08475,0.00457186,0.2917,0.0,0.0,1.0,4070.86,1011.9,1.00012
M_pred[277],0.08925,0.00485083,0.300511,0.0,0.0,1.0,3837.87,953.981,0.999949
M_pred[278],0.0865,0.00472381,0.301729,0.0,0.0,1.0,4079.9,1014.14,0.999651
M_pred[279],0.088,0.00474459,0.291165,0.0,0.0,1.0,3766.01,936.121,0.999863
M_pred[280],0.093,0.00485916,0.305572,0.0,0.0,1.0,3954.63,983.005,0.999416
M_pred[281],0.08375,0.00462619,0.292844,0.0,0.0,1.0,4007.05,996.035,0.999776
M_pred[282],0.09,0.0050062,0.303188,0.0,0.0,1.0,3667.82,911.714,0.99977
M_pred[283],0.0785,0.00438386,0.279029,0.0,0.0,1.0,4051.22,1007.01,0.999673
M_pred[284],0.07525,0.00432395,0.274966,0.0,0.0,1.0,4043.87,1005.19,0.99999
M_pred[285],0.08325,0.00446099,0.289552,0.0,0.0,1.0,4213.0,1047.23,0.999722
M_pred[286],0.08225,0.00471085,0.288974,0.0,0.0,1.0,3762.86,935.338,1.0015
M_pred[287],0.08,0.00484115,0.283937,0.0,0.0,1.0,3439.91,855.06,0.999808
M_pred[288],0.08175,0.00453246,0.287381,0.0,0.0,1.0,4020.19,999.302,1.00046
M_pred[289],0.08725,0.00471779,0.303579,0.0,0.0,1.0,4140.64,1029.24,1.00139
M_pred[290],0.08475,0.00453051,0.28998,0.0,0.0,1.0,4096.78,1018.34,0.999665
M_pred[291],0.085,0.0046584,0.29291,0.0,0.0,1.0,3953.62,982.755,0.999752
M_pred[292],0.05275,0.00374872,0.229086,0.0,0.0,1.0,3734.5,928.287,0.999968
M_pred[293],0.05075,0.00362101,0.227349,0.0,0.0,0.0,3942.08,979.885,1.00033
M_pred[294],0.046,0.00341223,0.214232,0.0,0.0,0.0,3941.79,979.815,0.999261
M_pred[295],0.0825,0.00475518,0.291916,0.0,0.0,1.0,3768.62,936.768,0.999528
M_pred[296],0.04825,0.00342366,0.220077,0.0,0.0,0.0,4132.08,1027.12,1.00004
M_pred[297],0.05375,0.00367418,0.232109,0.0,0.0,1.0,3990.81,991.998,1.00002
M_pred[298],0.04275,0.00316805,0.20355,0.0,0.0,0.0,4128.2,1026.15,1.00001
M_pred[299],0.04975,0.00340211,0.223131,0.0,0.0,0.0,4301.52,1069.23,1.00052
M_pred[300],0.04325,0.00341016,0.215386,0.0,0.0,0.0,3989.19,991.596,1.00042
M_pred[301],0.04125,0.00324335,0.201392,0.0,0.0,0.0,3855.63,958.396,0.999999
M_pred[302],0.0425,0.00320287,0.204216,0.0,0.0,0.0,4065.38,1010.53,1.00011
M_pred[303],0.04275,0.00326888,0.209603,0.0,0.0,0.0,4111.47,1021.99,0.999623
M_pred[304],0.03925,0.00313245,0.194213,0.0,0.0,0.0,3844.05,955.518,0.999635
M_pred[305],0.0435,0.00340356,0.20765,0.0,0.0,0.0,3722.17,925.223,1.00048
M_pred[306],0.042,0.00328646,0.207959,0.0,0.0,0.0,4004.04,995.286,0.99974
M_pred[307],0.048,0.00350969,0.218421,0.0,0.0,0.0,3873.04,962.726,1.00052
M_pred[308],0.05525,0.00388293,0.236033,0.0,0.0,1.0,3695.09,918.492,1.00035
M_pred[309],0.05175,0.00379269,0.227123,0.0,0.0,1.0,3586.15,891.412,0.999869
M_pred[310],0.03925,0.00317298,0.199297,0.0,0.0,0.0,3945.18,980.657,0.999545
M_pred[311],0.04825,0.00350179,0.224576,0.0,0.0,0.0,4112.9,1022.35,1.00038
M_pred[312],0.077,0.00444961,0.28034,0.0,0.0,1.0,3969.42,986.683,1.00031
M_pred[313],0.0435,0.00331669,0.20765,0.0,0.0,0.0,3919.72,974.328,0.999938
M_pred[314],0.05025,0.00345071,0.223019,0.0,0.0,0.0,4177.02,1038.28,0.999936
M_pred[315],0.073,0.00431591,0.273294,0.0,0.0,1.0,4009.73,996.702,0.999933
M_pred[316],0.04575,0.00346092,0.214869,0.0,0.0,0.0,3854.44,958.102,0.99981
M_pred[317],0.055,0.0038194,0.239769,0.0,0.0,1.0,3940.92,979.597,0.999228
M_pred[318],0.043,0.00327337,0.206547,0.0,0.0,0.0,3981.5,989.683,1.00107
M_pred[319],0.0465,0.00340326,0.211776,0.0,0.0,0.0,3872.24,962.525,1.00012
M_pred[320],0.0455,0.00334377,0.211993,0.0,0.0,0.0,4019.48,999.124,0.999874
M_pred[321],0.059,0.00395198,0.254038,0.0,0.0,1.0,4132.05,1027.11,1.00052
M_pred[322],0.053,0.00369775,0.232819,0.0,0.0,1.0,3964.25,985.397,0.999833
M_pred[323],0.04425,0.00336189,0.206888,0.0,0.0,0.0,3787.08,941.358,0.999873
M_pred[324],0.045,0.00336832,0.208533,0.0,0.0,0.0,3832.85,952.735,0.99942
M_pred[325],0.04525,0.00358156,0.213808,0.0,0.0,0.0,3563.72,885.837,1.00039
M_pred[326],0.049,0.00364045,0.222736,0.0,0.0,0.0,3743.44,930.509,0.999668
M_pred[327],0.04725,0.00365594,0.222553,0.0,0.0,0.0,3705.68,921.123,0.99931
M_pred[328],0.0475,0.00345111,0.225292,0.0,0.0,0.0,4261.61,1059.31,0.999548
M_pred[329],0.04225,0.00322869,0.207306,0.0,0.0,0.0,4122.6,1024.76,1.00178
M_pred[330],0.044,0.00327648,0.207545,0.0,0.0,0.0,4012.44,997.376,1.0009
M_pred[331],0.05125,0.00363306,0.230514,0.0,0.0,0.0,4025.78,1000.69,0.999666
M_pred[332],0.04075,0.0031914,0.200249,0.0,0.0,0.0,3937.1,978.647,1.00001
M_pred[333],0.0625,0.00416248,0.261937,0.0,0.0,1.0,3959.95,984.328,1.00084
M_pred[334],0.04175,0.00316138,0.201289,0.0,0.0,0.0,4054.02,1007.71,1.00111
M_pred[335],0.042,0.00333383,0.203092,0.0,0.0,0.0,3711.07,922.464,1.00036
M_pred[336],0.05075,0.00362303,0.225138,0.0,0.0,0.0,3861.47,959.849,1.00039
M_pred[337],0.06025,0.00403942,0.252261,0.0,0.0,1.0,3900.0,969.426,0.999686
M_pred[338],0.05625,0.00366468,0.236854,0.0,0.0,1.0,4177.25,1038.34,1.00051
M_pred[339],0.04775,0.0033862,0.220186,0.0,0.0,0.0,4228.21,1051.01,1.00132
M_pred[340],0.04975,0.0035626,0.225361,0.0,0.0,0.0,4001.52,994.66,0.999488
M_pred[341],0.078,0.00464089,0.288854,0.0,0.0,1.0,3873.96,962.952,0.99963
M_pred[342],0.049,0.00353608,0.223856,0.0,0.0,0.0,4007.68,996.193,0.999467
M_pred[343],0.0455,0.00358707,0.21666,0.0,0.0,0.0,3648.19,906.832,0.99952
M_pred[344],0.04,0.00312641,0.197255,0.0,0.0,0.0,3980.76,989.5,0.999616
M_pred[345],0.03825,0.00303459,0.193122,0.0,0.0,0.0,4050.09,1006.73,1.00068
M_pred[346],0.0495,0.00368133,0.224861,0.0,0.0,0.0,3730.95,927.404,0.999878
M_pred[347],0.04525,0.00335536,0.213808,0.0,0.0,0.0,4060.4,1009.3,0.999224
M_pred[348],0.08275,0.00456948,0.287094,0.0,0.0,1.0,3947.44,981.218,0.999859
M_pred[349],0.08275,0.00458525,0.292273,0.0,0.0,1.0,4063.05,1009.95,0.999313
M_pred[350],0.0525,0.00357692,0.227501,0.0,0.0,1.0,4045.27,1005.54,0.999648
M_pred[351],0.08575,0.00473903,0.293118,0.0,0.0,1.0,3825.66,950.947,0.999934
M_pred[352],0.09,0.00481355,0.305652,0.0,0.0,1.0,4032.04,1002.25,0.999795
M_pred[353],0.0785,0.0044407,0.279924,0.0,0.0,1.0,3973.53,987.704,0.999647
M_pred[354],0.03825,0.00313496,0.195695,0.0,0.0,0.0,3896.67,968.599,0.999394
M_pred[355],0.0885,0.00471609,0.300317,0.0,0.0,1.0,4055.05,1007.97,1.00029
M_pred[356],0.086,0.00465644,0.291762,0.0,0.0,1.0,3926.0,975.889,1.00033
M_pred[357],0.08675,0.00464231,0.300411,0.0,0.0,1.0,4187.6,1040.91,0.999721
M_pred[358],0.04725,0.00351552,0.218012,0.0,0.0,0.0,3845.77,955.945,0.999371
M_pred[359],0.0825,0.00466242,0.290198,0.0,0.0,1.0,3874.05,962.975,0.999418
M_pred[360],0.0455,0.00339795,0.213169,0.0,0.0,0.0,3935.64,978.285,1.00005
M_pred[361],0.05575,0.00370365,0.235915,0.0,0.0,1.0,4057.44,1008.56,1.00108
M_pred[362],0.07775,0.00444681,0.282356,0.0,0.0,1.0,4031.77,1002.18,0.999978
M_pred[363],0.051,0.00349058,0.225636,0.0,0.0,0.0,4178.53,1038.66,0.999482
M_pred[364],0.0805,0.00445456,0.282913,0.0,0.0,1.0,4033.63,1002.64,1.00127
M_pred[365],0.0815,0.00465141,0.288754,0.0,0.0,1.0,3853.76,957.933,1.00016
M_pred[366],0.085,0.00461522,0.294613,0.0,0.0,1.0,4074.92,1012.9,0.999599
M_pred[367],0.04125,0.00320637,0.205083,0.0,0.0,0.0,4091.01,1016.91,1.00005
M_pred[368],0.04275,0.00326781,0.204775,0.0,0.0,0.0,3926.83,976.094,0.999653
M_pred[369],0.035,0.00299178,0.189166,0.0,0.0,0.0,3997.86,993.751,0.999814
M_pred[370],0.0445,0.00339264,0.21338,0.0,0.0,0.0,3955.78,983.292,1.00005
M_pred[371],0.04475,0.00328549,0.209185,0.0,0.0,0.0,4053.79,1007.65,0.9999
M_pred[372],0.0515,0.003624,0.222171,0.0,0.0,1.0,3758.38,934.223,1.00128
M_pred[373],0.05,0.00354356,0.22586,0.0,0.0,0.0,4062.56,1009.83,0.999571
M_pred[374],0.0745,0.00427838,0.271971,0.0,0.0,1.0,4040.97,1004.47,1.00022
M_pred[375],0.0905,0.00468165,0.301384,0.0,0.0,1.0,4144.23,1030.13,0.999722
M_pred[376],0.0515,0.00359495,0.222171,0.0,0.0,1.0,3819.36,949.38,0.999355
M_pred[377],0.07725,0.00436515,0.275321,0.0,0.0,1.0,3978.14,988.848,0.999904
M_pred[378],0.049,0.00371136,0.221611,0.0,0.0,0.0,3565.45,886.267,0.99943
M_pred[379],0.08775,0.00466624,0.297611,0.0,0.0,1.0,4067.83,1011.14,0.999396
M_pred[380],0.0485,0.00353313,0.221721,0.0,0.0,0.0,3938.17,978.913,1.00031
M_pred[381],0.044,0.00336162,0.209941,0.0,0.0,0.0,3900.26,969.491,0.999752
M_pred[382],0.043,0.00344906,0.210148,0.0,0.0,0.0,3712.35,922.78,0.999983
M_pred[383],0.07925,0.00455323,0.284587,0.0,0.0,1.0,3906.52,971.046,0.999768
M_pred[384],0.04625,0.00340159,0.214761,0.0,0.0,0.0,3986.11,990.83,0.999835
M_pred[385],0.04175,0.00316913,0.203758,0.0,0.0,0.0,4133.8,1027.54,0.99979
M_pred[386],0.04475,0.00334218,0.210377,0.0,0.0,0.0,3962.21,984.89,0.999476
M_pred[387],0.043,0.00332988,0.207754,0.0,0.0,0.0,3892.62,967.592,0.999317
M_pred[388],0.04925,0.00369404,0.226577,0.0,0.0,0.0,3762.09,935.144,1.00093
M_pred[389],0.0795,0.00452159,0.282311,0.0,0.0,1.0,3898.29,969.0,0.999456
M_pred[390],0.07875,0.0044058,0.281191,0.0,0.0,1.0,4073.36,1012.52,1.00005
M_pred[391],0.04175,0.00327374,0.204982,0.0,0.0,0.0,3920.49,974.519,0.999441
M_pred[392],0.08075,0.00450487,0.280623,0.0,0.0,1.0,3880.45,964.565,1.00076
log_lik[1],-0.0843109,0.000319774,0.0197659,-0.118633,-0.0825763,-0.0552913,3820.74,949.724,1.00002
log_lik[2],-0.0843109,0.000319774,0.0197659,-0.118633,-0.0825763,-0.0552913,3820.74,949.724,1.00002
log_lik[3],-0.0843109,0.000319774,0.0197659,-0.118633,-0.0825763,-0.0552913,3820.74,949.724,1.00002
log_lik[4],-0.0843109,0.000319774,0.0197659,-0.118633,-0.0825763,-0.0552913,3820.74,949.724,1.00002
log_lik[5],-0.0843109,0.000319774,0.0197659,-0.118633,-0.0825763,-0.0552913,3820.74,949.724,1.00002
log_lik[6],-0.0843109,0.000319774,0.0197659,-0.118633,-0.0825763,-0.0552913,3820.74,949.724,1.00002
log_lik[7],-0.0843109,0.000319774,0.0197659,-0.118633,-0.0825763,-0.0552913,3820.74,949.724,1.00002
log_lik[8],-0.0843109,0.000319774,0.0197659,-0.118633,-0.0825763,-0.0552913,3820.74,949.724,1.00002
log_lik[9],-0.0843109,0.000319774,0.0197659,-0.118633,-0.0825763,-0.0552913,3820.74,949.724,1.00002
log_lik[10],-0.0843109,0.000319774,0.0197659,-0.118633,-0.0825763,-0.0552913,3820.74,949.724,1.00002
log_lik[11],-0.0843109,0.000319774,0.0197659,-0.118633,-0.0825763,-0.0552913,3820.74,949.724,1.00002
log_lik[12],-0.0843109,0.000319774,0.0197659,-0.118633,-0.0825763,-0.0552913,3820.74,949.724,1.00002
log_lik[13],-0.0843109,0.000319774,0.0197659,-0.118633,-0.0825763,-0.0552913,3820.74,949.724,1.00002
log_lik[14],-0.0843109,0.000319774,0.0197659,-0.118633,-0.0825763,-0.0552913,3820.74,949.724,1.00002
log_lik[15],-0.0843109,0.000319774,0.0197659,-0.118633,-0.0825763,-0.0552913,3820.74,949.724,1.00002
log_lik[16],-0.0843109,0.000319774,0.0197659,-0.118633,-0.0825763,-0.0552913,3820.74,949.724,1.00002
log_lik[17],-0.0843109,0.000319774,0.0197659,-0.118633,-0.0825763,-0.0552913,3820.74,949.724,1.00002
log_lik[18],-0.0843109,0.000319774,0.0197659,-0.118633,-0.0825763,-0.0552913,3820.74,949.724,1.00002
log_lik[19],-0.0843109,0.000319774,0.0197659,-0.118633,-0.0825763,-0.0552913,3820.74,949.724,1.00002
log_lik[20],-0.0843109,0.000319774,0.0197659,-0.118633,-0.0825763,-0.0552913,3820.74,949.724,1.00002
log_lik[21],-0.0843109,0.000319774,0.0197659,-0.118633,-0.0825763,-0.0552913,3820.74,949.724,1.00002
log_lik[22],-0.0843109,0.000319774,0.0197659,-0.118633,-0.0825763,-0.0552913,3820.74,949.724,1.00002
log_lik[23],-0.0843109,0.000319774,0.0197659,-0.118633,-0.0825763,-0.0552913,3820.74,949.724,1.00002
log_lik[24],-0.0843109,0.000319774,0.0197659,-0.118633,-0.0825763,-0.0552913,3820.74,949.724,1.00002
log_lik[25],-0.0843109,0.000319774,0.0197659,-0.118633,-0.0825763,-0.0552913,3820.74,949.724,1.00002
log_lik[26],-0.0843109,0.000319774,0.0197659,-0.118633,-0.0825763,-0.0552913,3820.74,949.724,1.00002
log_lik[27],-0.0843109,0.000319774,0.0197659,-0.118633,-0.0825763,-0.0552913,3820.74,949.724,1.00002
log_lik[28],-0.0843109,0.000319774,0.0197659,-0.118633,-0.0825763,-0.0552913,3820.74,949.724,1.00002
log_lik[29],-0.0843109,0.000319774,0.0197659,-0.118633,-0.0825763,-0.0552913,3820.74,949.724,1.00002
log_lik[30],-0.0843109,0.000319774,0.0197659,-0.118633,-0.0825763,-0.0552913,3820.74,949.724,1.00002
log_lik[31],-0.0843109,0.000319774,0.0197659,-0.118633,-0.0825763,-0.0552913,3820.74,949.724,1.00002
log_lik[32],-0.0843109,0.000319774,0.0197659,-0.118633,-0.0825763,-0.0552913,3820.74,949.724,1.00002
log_lik[33],-0.0843109,0.000319774,0.0197659,-0.118633,-0.0825763,-0.0552913,3820.74,949.724,1.00002
log_lik[34],-0.0843109,0.000319774,0.0197659,-0.118633,-0.0825763,-0.0552913,3820.74,949.724,1.00002
log_lik[35],-0.0843109,0.000319774,0.0197659,-0.118633,-0.0825763,-0.0552913,3820.74,949.724,1.00002
log_lik[36],-0.0843109,0.000319774,0.0197659,-0.118633,-0.0825763,-0.0552913,3820.74,949.724,1.00002
log_lik[37],-0.0843109,0.000319774,0.0197659,-0.118633,-0.0825763,-0.0552913,3820.74,949.724,1.00002
log_lik[38],-0.0843109,0.000319774,0.0197659,-0.118633,-0.0825763,-0.0552913,3820.74,949.724,1.00002
log_lik[39],-0.0843109,0.000319774,0.0197659,-0.118633,-0.0825763,-0.0552913,3820.74,949.724,1.00002
log_lik[40],-0.0843109,0.000319774,0.0197659,-0.118633,-0.0825763,-0.0552913,3820.74,949.724,1.00002
log_lik[41],-0.0433869,0.000176851,0.0128488,-0.0665982,-0.0419626,-0.0248628,5278.51,1312.08,0.999247
log_lik[42],-0.0843109,0.000319774,0.0197659,-0.118633,-0.0825763,-0.0552913,3820.74,949.724,1.00002
log_lik[43],-0.0843109,0.000319774,0.0197659,-0.118633,-0.0825763,-0.0552913,3820.74,949.724,1.00002
log_lik[44],-0.0843109,0.000319774,0.0197659,-0.118633,-0.0825763,-0.0552913,3820.74,949.724,1.00002
log_lik[45],-0.0843109,0.000319774,0.0197659,-0.118633,-0.0825763,-0.0552913,3820.74,949.724,1.00002
log_lik[46],-0.0843109,0.000319774,0.0197659,-0.118633,-0.0825763,-0.0552913,3820.74,949.724,1.00002
log_lik[47],-0.0843109,0.000319774,0.0197659,-0.118633,-0.0825763,-0.0552913,3820.74,949.724,1.00002
log_lik[48],-0.0843109,0.000319774,0.0197659,-0.118633,-0.0825763,-0.0552913,3820.74,949.724,1.00002
log_lik[49],-0.0843109,0.000319774,0.0197659,-0.118633,-0.0825763,-0.0552913,3820.74,949.724,1.00002
log_lik[50],-0.0427313,0.000207476,0.0150532,-0.0706026,-0.0408921,-0.0219586,5264.11,1308.5,0.99954
log_lik[51],-0.0429934,0.000196788,0.0143648,-0.0698731,-0.0412557,-0.0230048,5328.43,1324.49,0.999486
log_lik[52],-2.58492,0.0035516,0.215754,-2.95088,-2.57642,-2.25046,3690.36,917.315,1.00018
log_lik[53],-0.0843109,0.000319774,0.0197659,-0.118633,-0.0825763,-0.0552913,3820.74,949.724,1.00002
log_lik[54],-0.0430192,0.000197149,0.0145547,-0.0703331,-0.0414123,-0.0227341,5450.26,1354.77,0.999502
log_lik[55],-0.0843109,0.000319774,0.0197659,-0.118633,-0.0825763,-0.0552913,3820.74,949.724,1.00002
log_lik[56],-0.0440843,0.000196228,0.0133253,-0.0679987,-0.0425401,-0.0251341,4611.37,1146.25,0.999224
log_lik[57],-0.0437101,0.000324738,0.0234708,-0.088426,-0.0388913,-0.0162261,5223.84,1298.49,0.999707
log_lik[58],-0.0446284,0.000211873,0.0137891,-0.069618,-0.0430554,-0.0254904,4235.65,1052.86,0.999272
log_lik[59],-0.0431851,0.000175138,0.0130273,-0.0670746,-0.0416892,-0.0243677,5532.8,1375.29,0.999312
log_lik[60],-0.0433611,0.000177011,0.0128509,-0.0666427,-0.0419138,-0.0248405,5270.71,1310.15,0.999248
log_lik[61],-0.0425553,0.000180892,0.0132131,-0.0666556,-0.0411412,-0.0238553,5335.41,1326.23,0.999429
log_lik[62],-0.0427465,0.000177114,0.0128931,-0.0659566,-0.0413661,-0.0243983,5299.22,1317.23,0.999373
log_lik[63],-0.046579,0.000215374,0.0157216,-0.0750928,-0.0447561,-0.0247396,5328.53,1324.52,0.999464
log_lik[64],-0.0453107,0.000227318,0.0144063,-0.072112,-0.0434816,-0.0253305,4016.4,998.36,0.999374
log_lik[65],-0.0452033,0.000230806,0.0144959,-0.071141,-0.0434274,-0.0254317,3944.54,980.498,0.999338
log_lik[66],-0.0466094,0.000319036,0.0179824,-0.079212,-0.0434443,-0.0229225,3176.99,789.706,0.99955
log_lik[67],-0.0431609,0.000261832,0.0177332,-0.0766478,-0.0405325,-0.0195046,4586.97,1140.19,0.99972
log_lik[68],-0.0464918,0.000318101,0.0179164,-0.0789206,-0.0433051,-0.0227818,3172.29,788.538,0.999567
log_lik[69],-0.0437735,0.000183776,0.012967,-0.0671366,-0.0423125,-0.0252525,4978.51,1237.51,0.999243
log_lik[70],-0.0429828,0.000264819,0.017722,-0.0766314,-0.0403654,-0.0193627,4478.43,1113.21,0.99971
log_lik[71],-0.0476933,0.000324185,0.0183837,-0.0828976,-0.0445654,-0.0233811,3215.73,799.336,0.999682
log_lik[72],-0.0506104,0.000367393,0.0214184,-0.091657,-0.0468808,-0.0229541,3398.71,844.819,0.999883
log_lik[73],-0.0479257,0.000350137,0.0194285,-0.0839632,-0.0442749,-0.0226135,3078.95,765.338,0.999704
log_lik[74],-0.0472387,0.000347361,0.0192308,-0.0823955,-0.0436945,-0.022206,3065.03,761.876,0.999613
log_lik[75],-0.0472403,0.000347362,0.0192309,-0.0823833,-0.0436983,-0.0222111,3065.03,761.877,0.999614
log_lik[76],-0.0478932,0.000349921,0.0194131,-0.0839045,-0.0442375,-0.0226305,3077.85,765.062,0.9997
log_lik[77],-0.0479544,0.000350333,0.0194426,-0.0841623,-0.0443184,-0.0226423,3079.96,765.589,0.999708
log_lik[78],-0.044557,0.00018462,0.0132111,-0.0684303,-0.0430932,-0.0255909,5120.63,1272.84,0.999288
log_lik[79],-0.0473145,0.000347456,0.0192374,-0.082532,-0.0438155,-0.0222674,3065.45,761.981,0.999624
log_lik[80],-0.0505999,0.000384734,0.0218699,-0.0929878,-0.0463265,-0.0226703,3231.28,803.203,0.999932
log_lik[81],-0.043041,0.000209844,0.0150614,-0.0708006,-0.0412244,-0.0222512,5151.53,1280.52,0.999551
log_lik[82],-0.0427692,0.000225331,0.0158441,-0.0723378,-0.040799,-0.021174,4944.17,1228.98,0.9996
log_lik[83],-0.0446265,0.000227218,0.0142819,-0.0703083,-0.0428863,-0.0249455,3950.77,982.046,0.999318
log_lik[84],-0.0442454,0.000247003,0.0151721,-0.07169,-0.0420755,-0.02377,3773.02,937.861,0.999572
log_lik[85],-0.0437046,0.000184148,0.0129706,-0.0669893,-0.0422215,-0.0251393,4961.18,1233.2,0.999241
log_lik[86],-0.0428059,0.000187079,0.0137968,-0.0686592,-0.0412497,-0.0234262,5438.81,1351.93,0.99942
log_lik[87],-0.0468648,0.000216867,0.0155895,-0.0753247,-0.0450258,-0.0253019,5167.49,1284.49,0.999455
log_lik[88],-0.043391,0.000176945,0.0128526,-0.0666871,-0.0419377,-0.0248198,5276.02,1311.46,0.999244
log_lik[89],-0.0461748,0.00025747,0.0157029,-0.0741351,-0.0440628,-0.0249686,3719.72,924.614,0.999471
log_lik[90],-0.0509061,0.000368698,0.0251381,-0.098938,-0.0461966,-0.0191732,4648.63,1155.51,0.999705
log_lik[91],-0.0420143,0.000246955,0.0170346,-0.0741208,-0.0394373,-0.0194179,4758.04,1182.71,0.99959
log_lik[92],-0.048264,0.000331026,0.0206611,-0.0874445,-0.0446496,-0.0215774,3895.68,968.351,0.999418
log_lik[93],-0.0433136,0.000311962,0.0199703,-0.0819462,-0.0397366,-0.0180283,4097.95,1018.63,0.999802
log_lik[94],-0.0420013,0.000187569,0.0141824,-0.0684266,-0.0403392,-0.0223203,5717.16,1421.12,0.999477
log_lik[95],-0.0478146,0.000406255,0.0219914,-0.0894413,-0.043327,-0.0202775,2930.28,728.381,0.999827
log_lik[96],-0.0436169,0.000184752,0.0129825,-0.0671736,-0.0420885,-0.0251263,4937.89,1227.41,0.99924
log_lik[97],-0.0433658,0.000177027,0.0128527,-0.0666282,-0.0419287,-0.0248498,5271.22,1310.27,0.999247
log_lik[98],-0.0454366,0.000288039,0.0193922,-0.0826657,-0.0423507,-0.0202405,4532.63,1126.68,0.999848
log_lik[99],-0.0436155,0.000184764,0.0129828,-0.067162,-0.042086,-0.0251219,4937.48,1227.31,0.99924
log_lik[100],-0.0427328,0.000207473,0.015053,-0.0706055,-0.0408944,-0.021955,5264.05,1308.49,0.99954
log_lik[101],-0.0427307,0.000207477,0.0150534,-0.0706013,-0.0408892,-0.0219602,5264.13,1308.51,0.999541
log_lik[102],-0.0431351,0.000246583,0.0170286,-0.0749878,-0.0407155,-0.0208139,4769.06,1185.45,0.999695
log_lik[103],-0.0431718,0.000261669,0.0177347,-0.0766314,-0.0405384,-0.019496,4593.51,1141.81,0.99972
log_lik[104],-0.0430698,0.000265105,0.0177183,-0.0766683,-0.0405247,-0.0194446,4466.93,1110.35,0.999663
log_lik[105],-0.0485377,0.000338159,0.0227748,-0.0922346,-0.0443113,-0.0197064,4535.96,1127.51,0.999842
log_lik[106],-0.0488697,0.000346334,0.023286,-0.093151,-0.0445433,-0.0194889,4520.66,1123.7,0.999842
log_lik[107],-0.0456049,0.000273392,0.018718,-0.0814322,-0.0428151,-0.0210218,4687.57,1165.19,0.999798
log_lik[108],-0.0433126,0.000260196,0.0177633,-0.0769015,-0.0406408,-0.0196464,4660.65,1158.5,0.999729
log_lik[109],-0.0421216,0.000207961,0.0150572,-0.0704606,-0.0402491,-0.0213971,5242.36,1303.1,0.99953
log_lik[110],-0.0442439,0.000210202,0.0137007,-0.0686835,-0.0427502,-0.0251822,4248.25,1055.99,0.999276
log_lik[111],-0.0444147,0.000209449,0.0136903,-0.0690713,-0.0429352,-0.0253079,4272.34,1061.98,0.999286
log_lik[112],-0.046176,0.000220992,0.0147463,-0.0734329,-0.0441682,-0.0254984,4452.6,1106.79,0.999433
log_lik[113],-0.0429726,0.00026501,0.0177222,-0.0766505,-0.0403566,-0.0193621,4472.12,1111.64,0.999709
log_lik[114],-0.0843109,0.000319774,0.0197659,-0.118633,-0.0825763,-0.0552913,3820.74,949.724,1.00002
log_lik[115],-0.0431949,0.000221639,0.0158864,-0.0727431,-0.0411545,-0.021383,5137.56,1277.05,0.999618
log_lik[116],-0.0447251,0.000209241,0.0137402,-0.069397,-0.0430401,-0.0255732,4312.15,1071.88,0.999307
log_lik[117],-0.044522,0.000257442,0.0178282,-0.0776572,-0.0417933,-0.02053,4795.77,1192.09,0.999696
log_lik[118],-0.043138,0.00028833,0.0188131,-0.0794019,-0.0400828,-0.018727,4257.36,1058.25,0.999759
log_lik[119],-0.0843109,0.000319774,0.0197659,-0.118633,-0.0825763,-0.0552913,3820.74,949.724,1.00002
log_lik[120],-0.045674,0.000342479,0.0222985,-0.088101,-0.0412005,-0.0179086,4239.21,1053.74,0.999858
log_lik[121],-0.0843109,0.000319774,0.0197659,-0.118633,-0.0825763,-0.0552913,3820.74,949.724,1.00002
log_lik[122],-0.0430412,0.000266798,0.0177643,-0.0769187,-0.0404174,-0.0194226,4433.35,1102.0,0.999714
log_lik[123],-0.0439085,0.000195918,0.0132658,-0.0680823,-0.042361,-0.0252444,4584.8,1139.65,0.99925
log_lik[124],-0.0440287,0.000208827,0.0136056,-0.0683075,-0.0425019,-0.0250754,4244.86,1055.15,0.999322
log_lik[125],-0.0441317,0.000194848,0.0132543,-0.0678754,-0.042596,-0.0253887,4627.2,1150.19,0.999259
log_lik[126],-0.0443657,0.000210457,0.0137084,-0.0689528,-0.0428765,-0.025305,4242.75,1054.62,0.99927
log_lik[127],-0.0442444,0.000210202,0.0137007,-0.0686849,-0.0427507,-0.0251817,4248.23,1055.98,0.999276
log_lik[128],-0.0439368,0.000195954,0.0132647,-0.068086,-0.0423858,-0.0252903,4582.32,1139.03,0.999247
log_lik[129],-0.0440193,0.000196097,0.0132675,-0.0680751,-0.0425436,-0.025449,4577.59,1137.86,0.99924
log_lik[130],-0.0435053,0.000194264,0.0131644,-0.067048,-0.041984,-0.0251382,4592.15,1141.47,0.999339
log_lik[131],-0.0467315,0.000274437,0.0183251,-0.0807299,-0.0438761,-0.0221786,4458.72,1108.31,0.999446
log_lik[132],-0.0439841,0.00019575,0.013274,-0.0681106,-0.0424699,-0.0251898,4598.32,1143.01,0.999235
log_lik[133],-0.0429044,0.000244266,0.0167294,-0.0745514,-0.0405844,-0.0203363,4690.68,1165.96,0.99963
log_lik[134],-0.0445911,0.000264425,0.0179395,-0.0777508,-0.0419304,-0.0207865,4602.72,1144.1,0.999261
log_lik[135],-0.0479702,0.000378273,0.0206311,-0.0865373,-0.0440293,-0.021669,2974.64,739.409,0.999675
log_lik[136],-0.0434151,0.000211783,0.0152355,-0.0712318,-0.0416243,-0.0224581,5175.23,1286.41,0.999339
log_lik[137],-0.0475992,0.000350224,0.019402,-0.083336,-0.0440368,-0.0224654,3069.04,762.874,0.999631
log_lik[138],-0.0435173,0.000175962,0.0128357,-0.0664958,-0.0420425,-0.0249571,5321.07,1322.66,0.999249
log_lik[139],-0.043089,0.000221647,0.0158616,-0.0725353,-0.0410511,-0.0212954,5121.17,1272.97,0.999613
log_lik[140],-0.0434536,0.000198203,0.0144976,-0.070986,-0.0419001,-0.0231957,5350.24,1329.91,0.999504
log_lik[141],-0.0448452,0.000223778,0.0160409,-0.074106,-0.0425445,-0.0230003,5138.34,1277.24,0.99922
log_lik[142],-0.0436303,0.000175454,0.0128385,-0.0665957,-0.0421858,-0.0251351,5354.32,1330.93,0.999252
log_lik[143],-0.0436119,0.000175521,0.0128372,-0.0666172,-0.0421587,-0.0250907,5349.12,1329.64,0.999251
log_lik[144],-0.0427452,0.000197368,0.0143681,-0.0696945,-0.0410398,-0.0228981,5299.61,1317.33,0.99948
log_lik[145],-3.23852,0.00452741,0.325796,-3.78985,-3.21622,-2.72243,5178.36,1287.19,0.999358
log_lik[146],-0.042276,0.000206614,0.0149623,-0.0704016,-0.040444,-0.0216666,5244.18,1303.55,0.999534
log_lik[147],-0.0429153,0.000186842,0.0137877,-0.0686036,-0.0414145,-0.02354,5445.41,1353.57,0.999375
log_lik[148],-0.0445742,0.000211494,0.0137661,-0.0694006,-0.0430055,-0.0254288,4236.64,1053.11,0.99927
log_lik[149],-0.0425572,0.000185527,0.0137077,-0.0683476,-0.0410173,-0.023284,5458.99,1356.94,0.999429
log_lik[150],-0.0417204,0.000216606,0.0162112,-0.0719405,-0.0391917,-0.0200392,5601.3,1392.32,0.999502
log_lik[151],-0.0427392,0.000186825,0.0137777,-0.0685691,-0.0412126,-0.023391,5438.51,1351.86,0.999421
log_lik[152],-0.0442974,0.000235374,0.0165431,-0.0750794,-0.0422005,-0.0217971,4939.85,1227.9,0.999678
log_lik[153],-3.12732,0.00831956,0.566704,-4.09272,-3.11904,-2.22902,4639.94,1153.35,0.999809
log_lik[154],-0.0426795,0.000171417,0.0129436,-0.0665935,-0.0413553,-0.0241389,5701.69,1417.27,0.999347
log_lik[155],-0.0429279,0.000179638,0.0133467,-0.0676659,-0.041417,-0.0240542,5520.13,1372.14,0.999362
log_lik[156],-0.042891,0.000179828,0.0133518,-0.0676127,-0.0413356,-0.0240164,5512.66,1370.29,0.999362
log_lik[157],-0.0450883,0.000293485,0.0194127,-0.0813201,-0.0420169,-0.0199393,4375.24,1087.56,0.999254
log_lik[158],-0.0426297,0.00018595,0.0137284,-0.0683938,-0.0410993,-0.023345,5450.66,1354.87,0.999426
log_lik[159],-0.04307,0.000248636,0.0168873,-0.0750143,-0.0406763,-0.0203462,4613.06,1146.67,0.999673
log_lik[160],-0.0462568,0.000294024,0.0169279,-0.0772114,-0.0433827,-0.0236807,3314.7,823.937,0.999495
log_lik[161],-0.0434126,0.000257049,0.0173074,-0.0763724,-0.0408848,-0.0202721,4533.49,1126.89,0.999701
log_lik[162],-0.0430578,0.000248357,0.0168757,-0.0748622,-0.0407298,-0.0203334,4617.09,1147.67,0.999672
log_lik[163],-5.77867,0.00741144,0.45098,-6.53963,-5.7634,-5.07545,3702.63,920.365,1.00018
log_lik[164],-0.0843109,0.000319774,0.0197659,-0.118633,-0.0825763,-0.0552913,3820.74,949.724,1.00002
log_lik[165],-0.0843109,0.000319774,0.0197659,-0.118633,-0.0825763,-0.0552913,3820.74,949.724,1.00002
log_lik[166],-0.0843109,0.000319774,0.0197659,-0.118633,-0.0825763,-0.0552913,3820.74,949.724,1.00002
log_lik[167],-0.0843109,0.000319774,0.0197659,-0.118633,-0.0825763,-0.0552913,3820.74,949.724,1.00002
log_lik[168],-0.0843109,0.000319774,0.0197659,-0.118633,-0.0825763,-0.0552913,3820.74,949.724,1.00002
log_lik[169],-0.0843109,0.000319774,0.0197659,-0.118633,-0.0825763,-0.0552913,3820.74,949.724,1.00002
log_lik[170],-0.0843109,0.000319774,0.0197659,-0.118633,-0.0825763,-0.0552913,3820.74,949.724,1.00002
log_lik[171],-0.0843109,0.000319774,0.0197659,-0.118633,-0.0825763,-0.0552913,3820.74,949.724,1.00002
log_lik[172],-0.0451171,0.000266535,0.0157332,-0.073557,-0.0428472,-0.0238021,3484.37,866.112,0.999508
log_lik[173],-0.0843109,0.000319774,0.0197659,-0.118633,-0.0825763,-0.0552913,3820.74,949.724,1.00002
log_lik[174],-0.0843109,0.000319774,0.0197659,-0.118633,-0.0825763,-0.0552913,3820.74,949.724,1.00002
log_lik[175],-0.0843109,0.000319774,0.0197659,-0.118633,-0.0825763,-0.0552913,3820.74,949.724,1.00002
log_lik[176],-0.0843109,0.000319774,0.0197659,-0.118633,-0.0825763,-0.0552913,3820.74,949.724,1.00002
log_lik[177],-0.0843109,0.000319774,0.0197659,-0.118633,-0.0825763,-0.0552913,3820.74,949.724,1.00002
log_lik[178],-0.0843109,0.000319774,0.0197659,-0.118633,-0.0825763,-0.0552913,3820.74,949.724,1.00002
log_lik[179],-0.0435492,0.000175795,0.0128352,-0.0666137,-0.0421073,-0.0249697,5330.78,1325.08,0.99925
log_lik[180],-0.0843109,0.000319774,0.0197659,-0.118633,-0.0825763,-0.0552913,3820.74,949.724,1.00002
log_lik[181],-0.0843109,0.000319774,0.0197659,-0.118633,-0.0825763,-0.0552913,3820.74,949.724,1.00002
log_lik[182],-0.0843109,0.000319774,0.0197659,-0.118633,-0.0825763,-0.0552913,3820.74,949.724,1.00002
log_lik[183],-0.0843109,0.000319774,0.0197659,-0.118633,-0.0825763,-0.0552913,3820.74,949.724,1.00002
log_lik[184],-0.0843109,0.000319774,0.0197659,-0.118633,-0.0825763,-0.0552913,3820.74,949.724,1.00002
log_lik[185],-0.0843109,0.000319774,0.0197659,-0.118633,-0.0825763,-0.0552913,3820.74,949.724,1.00002
log_lik[186],-0.0843109,0.000319774,0.0197659,-0.118633,-0.0825763,-0.0552913,3820.74,949.724,1.00002
log_lik[187],-0.0843109,0.000319774,0.0197659,-0.118633,-0.0825763,-0.0552913,3820.74,949.724,1.00002
log_lik[188],-0.0843109,0.000319774,0.0197659,-0.118633,-0.0825763,-0.0552913,3820.74,949.724,1.00002
log_lik[189],-0.0843109,0.000319774,0.0197659,-0.118633,-0.0825763,-0.0552913,3820.74,949.724,1.00002
log_lik[190],-0.0843109,0.000319774,0.0197659,-0.118633,-0.0825763,-0.0552913,3820.74,949.724,1.00002
log_lik[191],-0.0843109,0.000319774,0.0197659,-0.118633,-0.0825763,-0.0552913,3820.74,949.724,1.00002
log_lik[192],-0.0843109,0.000319774,0.0197659,-0.118633,-0.0825763,-0.0552913,3820.74,949.724,1.00002
log_lik[193],-0.0843109,0.000319774,0.0197659,-0.118633,-0.0825763,-0.0552913,3820.74,949.724,1.00002
log_lik[194],-0.0843109,0.000319774,0.0197659,-0.118633,-0.0825763,-0.0552913,3820.74,949.724,1.00002
log_lik[195],-0.0843109,0.000319774,0.0197659,-0.118633,-0.0825763,-0.0552913,3820.74,949.724,1.00002
log_lik[196],-0.0843109,0.000319774,0.0197659,-0.118633,-0.0825763,-0.0552913,3820.74,949.724,1.00002
log_lik[197],-0.0843109,0.000319774,0.0197659,-0.118633,-0.0825763,-0.0552913,3820.74,949.724,1.00002
log_lik[198],-0.0843109,0.000319774,0.0197659,-0.118633,-0.0825763,-0.0552913,3820.74,949.724,1.00002
log_lik[199],-0.0843109,0.000319774,0.0197659,-0.118633,-0.0825763,-0.0552913,3820.74,949.724,1.00002
log_lik[200],-0.0843109,0.000319774,0.0197659,-0.118633,-0.0825763,-0.0552913,3820.74,949.724,1.00002
log_lik[201],-0.0843109,0.000319774,0.0197659,-0.118633,-0.0825763,-0.0552913,3820.74,949.724,1.00002
log_lik[202],-0.0843109,0.000319774,0.0197659,-0.118633,-0.0825763,-0.0552913,3820.74,949.724,1.00002
log_lik[203],-0.0843109,0.000319774,0.0197659,-0.118633,-0.0825763,-0.0552913,3820.74,949.724,1.00002
log_lik[204],-0.0843109,0.000319774,0.0197659,-0.118633,-0.0825763,-0.0552913,3820.74,949.724,1.00002
log_lik[205],-0.0843109,0.000319774,0.0197659,-0.118633,-0.0825763,-0.0552913,3820.74,949.724,1.00002
log_lik[206],-0.0428541,0.000207428,0.0150421,-0.0708452,-0.040973,-0.0221964,5258.75,1307.17,0.999495
log_lik[207],-0.0435355,0.000308368,0.0199964,-0.0821549,-0.0399168,-0.0181619,4204.97,1045.23,0.999821
log_lik[208],-0.0452958,0.000191419,0.0141342,-0.0707803,-0.0437314,-0.0251077,5452.21,1355.26,0.999391
log_lik[209],-0.0428496,0.000207424,0.0150421,-0.0708367,-0.0409554,-0.0221981,5258.96,1307.22,0.999496
log_lik[210],-0.0427335,0.00020743,0.015053,-0.0705952,-0.0408963,-0.0219712,5266.3,1309.05,0.999541
log_lik[211],-0.0440382,0.000196149,0.0132695,-0.0679092,-0.0425486,-0.0254564,4576.57,1137.6,0.999239
log_lik[212],-0.0439953,0.000175242,0.0129252,-0.0670842,-0.0426423,-0.0253115,5440.01,1352.23,0.999268
log_lik[213],-0.0438395,0.000175085,0.0128748,-0.0668584,-0.0424166,-0.0253057,5407.35,1344.11,0.99926
log_lik[214],-0.0451967,0.000246434,0.0150036,-0.0722124,-0.0430877,-0.0247144,3706.71,921.379,0.999381
log_lik[215],-0.043526,0.000175915,0.0128354,-0.0665725,-0.0420601,-0.0249708,5323.73,1323.32,0.999249
log_lik[216],-0.0481792,0.000308277,0.0185415,-0.0829322,-0.0452137,-0.02352,3617.49,899.202,0.9998
log_lik[217],-0.0464119,0.000293127,0.0169087,-0.077879,-0.0435359,-0.0237119,3327.41,827.097,0.99953
log_lik[218],-0.0431587,0.000172982,0.0128748,-0.0665999,-0.0417425,-0.024592,5539.6,1376.98,0.999272
log_lik[219],-0.0429956,0.000175977,0.0130438,-0.0667776,-0.041536,-0.0242302,5494.16,1365.69,0.999312
log_lik[220],-0.0454744,0.000268354,0.0158425,-0.0742398,-0.0430289,-0.0241458,3485.22,866.324,0.999433
log_lik[221],-0.0455122,0.000268665,0.0158652,-0.0743204,-0.043071,-0.0241879,3487.12,866.796,0.999426
log_lik[222],-0.0449764,0.000205202,0.0138372,-0.0701007,-0.043482,-0.0256206,4547.08,1130.27,0.999292
log_lik[223],-0.0427175,0.000178764,0.0132851,-0.0673639,-0.0412153,-0.0238244,5522.95,1372.84,0.999373
log_lik[224],-0.0451862,0.000193325,0.0143658,-0.0715495,-0.0435892,-0.0247132,5521.81,1372.56,0.999425
log_lik[225],-0.044374,0.000193404,0.0143034,-0.0701612,-0.04264,-0.0240246,5469.46,1359.55,0.999206
log_lik[226],-0.0447787,0.000192001,0.0139943,-0.0703609,-0.0431278,-0.0249833,5312.48,1320.53,0.999253
log_lik[227],-0.0440193,0.000179204,0.0132058,-0.0681617,-0.0425419,-0.0248404,5430.42,1349.84,0.999189
log_lik[228],-0.0520292,0.000418646,0.0271592,-0.103255,-0.0458666,-0.0197941,4208.62,1046.14,1.00019
log_lik[229],-0.0443465,0.000186875,0.0138354,-0.0694055,-0.0427772,-0.0244483,5481.25,1362.48,0.999205
log_lik[230],-0.0430131,0.000175902,0.0130408,-0.0668238,-0.0415527,-0.0242515,5496.21,1366.2,0.999305
log_lik[231],-0.0450526,0.000246788,0.0150061,-0.072172,-0.0429746,-0.024584,3697.3,919.041,0.999368
log_lik[232],-0.0430148,0.000175889,0.0130457,-0.066865,-0.04156,-0.0242146,5501.2,1367.44,0.999311
log_lik[233],-0.0843109,0.000319774,0.0197659,-0.118633,-0.0825763,-0.0552913,3820.74,949.724,1.00002
log_lik[234],-3.19943,0.00544824,0.318488,-3.73077,-3.19017,-2.70142,3417.22,849.421,0.999298
log_lik[235],-0.0432139,0.000310962,0.019913,-0.0822185,-0.0395757,-0.0179921,4100.72,1019.32,0.999797
log_lik[236],-0.0540682,0.000428759,0.0262497,-0.105479,-0.0488342,-0.0212941,3748.19,931.69,0.999825
log_lik[237],-0.0446702,0.000227033,0.0142777,-0.0702825,-0.0429334,-0.0249934,3954.94,983.083,0.99932
log_lik[238],-0.0429871,0.000175974,0.0130426,-0.0667744,-0.0415333,-0.0242364,5493.34,1365.48,0.999312
log_lik[239],-0.0429965,0.000175973,0.0130447,-0.0667763,-0.0415516,-0.0242374,5495.08,1365.92,0.999312
log_lik[240],-0.0429943,0.000175986,0.0130447,-0.0667616,-0.0415426,-0.024226,5494.29,1365.72,0.999312
log_lik[241],-0.0430316,0.000175843,0.0130484,-0.0668584,-0.0415627,-0.0242596,5506.33,1368.71,0.999311
log_lik[242],-0.0429131,0.000175328,0.0130029,-0.0669106,-0.0415269,-0.0242713,5500.24,1367.2,0.99932
log_lik[243],-0.0429445,0.000175587,0.0130187,-0.0668719,-0.0415081,-0.0242733,5497.29,1366.46,0.999316
log_lik[244],-0.0429982,0.000175964,0.0130447,-0.0667878,-0.041555,-0.0242463,5495.69,1366.07,0.999312
log_lik[245],-0.043747,0.000180573,0.0131233,-0.0673271,-0.0423375,-0.0248267,5281.79,1312.9,0.999246
log_lik[246],-0.0439344,0.000195799,0.0132651,-0.0681364,-0.0424405,-0.0252989,4589.85,1140.9,0.999244
log_lik[247],-0.0843109,0.000319774,0.0197659,-0.118633,-0.0825763,-0.0552913,3820.74,949.724,1.00002
log_lik[248],-0.0431609,0.000172953,0.0128741,-0.0666217,-0.0417445,-0.0245929,5540.87,1377.3,0.999272
log_lik[249],-0.0843109,0.000319774,0.0197659,-0.118633,-0.0825763,-0.0552913,3820.74,949.724,1.00002
log_lik[250],-0.0843109,0.000319774,0.0197659,-0.118633,-0.0825763,-0.0552913,3820.74,949.724,1.00002
log_lik[251],-0.0843109,0.000319774,0.0197659,-0.118633,-0.0825763,-0.0552913,3820.74,949.724,1.00002
log_lik[252],-0.0843109,0.000319774,0.0197659,-0.118633,-0.0825763,-0.0552913,3820.74,949.724,1.00002
log_lik[253],-0.0843109,0.000319774,0.0197659,-0.118633,-0.0825763,-0.0552913,3820.74,949.724,1.00002
log_lik[254],-0.0843109,0.000319774,0.0197659,-0.118633,-0.0825763,-0.0552913,3820.74,949.724,1.00002
log_lik[255],-0.0843109,0.000319774,0.0197659,-0.118633,-0.0825763,-0.0552913,3820.74,949.724,1.00002
log_lik[256],-0.0843109,0.000319774,0.0197659,-0.118633,-0.0825763,-0.0552913,3820.74,949.724,1.00002
log_lik[257],-0.0843109,0.000319774,0.0197659,-0.118633,-0.0825763,-0.0552913,3820.74,949.724,1.00002
log_lik[258],-0.0433883,0.000311941,0.0199701,-0.0821224,-0.0396462,-0.0180605,4098.38,1018.74,0.999773
log_lik[259],-0.0843109,0.000319774,0.0197659,-0.118633,-0.0825763,-0.0552913,3820.74,949.724,1.00002
log_lik[260],-0.046045,0.000292802,0.0168606,-0.0768012,-0.0431603,-0.0235135,3315.9,824.235,0.999488
log_lik[261],-0.0843109,0.000319774,0.0197659,-0.118633,-0.0825763,-0.0552913,3820.74,949.724,1.00002
log_lik[262],-0.0460554,0.00029279,0.0168605,-0.0767809,-0.0431452,-0.0235138,3316.12,824.291,0.999489
log_lik[263],-0.0843109,0.000319774,0.0197659,-0.118633,-0.0825763,-0.0552913,3820.74,949.724,1.00002
log_lik[264],-0.0843109,0.000319774,0.0197659,-0.118633,-0.0825763,-0.0552913,3820.74,949.724,1.00002
log_lik[265],-0.0843109,0.000319774,0.0197659,-0.118633,-0.0825763,-0.0552913,3820.74,949.724,1.00002
log_lik[266],-0.0843109,0.000319774,0.0197659,-0.118633,-0.0825763,-0.0552913,3820.74,949.724,1.00002
log_lik[267],-0.0843109,0.000319774,0.0197659,-0.118633,-0.0825763,-0.0552913,3820.74,949.724,1.00002
log_lik[268],-0.0843109,0.000319774,0.0197659,-0.118633,-0.0825763,-0.0552913,3820.74,949.724,1.00002
log_lik[269],-0.0843109,0.000319774,0.0197659,-0.118633,-0.0825763,-0.0552913,3820.74,949.724,1.00002
log_lik[270],-0.0843109,0.000319774,0.0197659,-0.118633,-0.0825763,-0.0552913,3820.74,949.724,1.00002
log_lik[271],-0.0843109,0.000319774,0.0197659,-0.118633,-0.0825763,-0.0552913,3820.74,949.724,1.00002
log_lik[272],-0.0843109,0.000319774,0.0197659,-0.118633,-0.0825763,-0.0552913,3820.74,949.724,1.00002
log_lik[273],-0.0843109,0.000319774,0.0197659,-0.118633,-0.0825763,-0.0552913,3820.74,949.724,1.00002
log_lik[274],-0.0843109,0.000319774,0.0197659,-0.118633,-0.0825763,-0.0552913,3820.74,949.724,1.00002
log_lik[275],-0.0843109,0.000319774,0.0197659,-0.118633,-0.0825763,-0.0552913,3820.74,949.724,1.00002
log_lik[276],-0.0843109,0.000319774,0.0197659,-0.118633,-0.0825763,-0.0552913,3820.74,949.724,1.00002
log_lik[277],-0.0843109,0.000319774,0.0197659,-0.118633,-0.0825763,-0.0552913,3820.74,949.724,1.00002
log_lik[278],-0.0843109,0.000319774,0.0197659,-0.118633,-0.0825763,-0.0552913,3820.74,949.724,1.00002
log_lik[279],-0.0843109,0.000319774,0.0197659,-0.118633,-0.0825763,-0.0552913,3820.74,949.724,1.00002
log_lik[280],-0.0843109,0.000319774,0.0197659,-0.118633,-0.0825763,-0.0552913,3820.74,949.724,1.00002
log_lik[281],-0.0843109,0.000319774,0.0197659,-0.118633,-0.0825763,-0.0552913,3820.74,949.724,1.00002
log_lik[282],-0.0843109,0.000319774,0.0197659,-0.118633,-0.0825763,-0.0552913,3820.74,949.724,1.00002
log_lik[283],-0.0843109,0.000319774,0.0197659,-0.118633,-0.0825763,-0.0552913,3820.74,949.724,1.00002
log_lik[284],-0.0843109,0.000319774,0.0197659,-0.118633,-0.0825763,-0.0552913,3820.74,949.724,1.00002
log_lik[285],-0.0843109,0.000319774,0.0197659,-0.118633,-0.0825763,-0.0552913,3820.74,949.724,1.00002
log_lik[286],-2.58492,0.0035516,0.215754,-2.95088,-2.57642,-2.25046,3690.36,917.315,1.00018
log_lik[287],-0.0843109,0.000319774,0.0197659,-0.118633,-0.0825763,-0.0552913,3820.74,949.724,1.00002
log_lik[288],-0.0843109,0.000319774,0.0197659,-0.118633,-0.0825763,-0.0552913,3820.74,949.724,1.00002
log_lik[289],-0.0843109,0.000319774,0.0197659,-0.118633,-0.0825763,-0.0552913,3820.74,949.724,1.00002
log_lik[290],-0.0843109,0.000319774,0.0197659,-0.118633,-0.0825763,-0.0552913,3820.74,949.724,1.00002
log_lik[291],-0.0843109,0.000319774,0.0197659,-0.118633,-0.0825763,-0.0552913,3820.74,949.724,1.00002
log_lik[292],-0.0478995,0.000377789,0.0206038,-0.0863018,-0.0439876,-0.0217245,2974.37,739.342,0.999673
log_lik[293],-0.0479066,0.000377801,0.0206044,-0.0863079,-0.0439927,-0.021726,2974.36,739.339,0.999674
log_lik[294],-0.0431069,0.000287797,0.0187985,-0.0793249,-0.0400353,-0.0187076,4266.52,1060.53,0.999757
log_lik[295],-0.0843109,0.000319774,0.0197659,-0.118633,-0.0825763,-0.0552913,3820.74,949.724,1.00002
log_lik[296],-0.0429711,0.00031042,0.0229813,-0.0869882,-0.0381826,-0.0160437,5480.91,1362.39,0.999616
log_lik[297],-0.0488634,0.000267317,0.0191043,-0.0840514,-0.0460633,-0.0232979,5107.5,1269.57,0.999523
log_lik[298],-0.0450686,0.000296876,0.0199412,-0.0829732,-0.0419289,-0.0194966,4511.85,1121.51,0.999882
log_lik[299],-0.0444458,0.000279979,0.018641,-0.0799848,-0.0413861,-0.0201796,4432.9,1101.89,0.999321
log_lik[300],-3.17465,0.00478295,0.303493,-3.69351,-3.16706,-2.6952,4026.3,1000.82,0.999247
log_lik[301],-0.0441525,0.000286091,0.0191802,-0.0806912,-0.0409994,-0.019341,4494.67,1117.24,0.999828
log_lik[302],-0.0426476,0.000172234,0.0128295,-0.0665758,-0.0413336,-0.0242957,5548.62,1379.22,0.999354
log_lik[303],-0.0467879,0.000240396,0.0170137,-0.0780121,-0.0437401,-0.0234642,5008.89,1245.06,0.999595
log_lik[304],-0.0429903,0.000286699,0.0187325,-0.0787989,-0.0399347,-0.0186522,4269.1,1061.17,0.999749
log_lik[305],-0.0434098,0.000294848,0.019042,-0.0799067,-0.0402572,-0.0189127,4170.89,1036.76,0.999778
log_lik[306],-0.0492122,0.000360684,0.0240061,-0.0942225,-0.0442925,-0.0196671,4429.85,1101.13,0.999563
log_lik[307],-0.045346,0.000339143,0.0215788,-0.0863724,-0.0413545,-0.0184181,4048.44,1006.32,0.999318
log_lik[308],-0.050273,0.000485732,0.0297743,-0.103495,-0.0435075,-0.0167628,3757.41,933.982,0.999302
log_lik[309],-0.0487646,0.000317236,0.0187518,-0.0846259,-0.0457291,-0.0238393,3493.97,868.499,0.999751
log_lik[310],-0.0438599,0.000183429,0.0129692,-0.0673398,-0.0424025,-0.025243,4999.07,1242.62,0.999246
log_lik[311],-0.0439011,0.000183308,0.0129728,-0.067384,-0.0424383,-0.0252903,5008.41,1244.94,0.999248
log_lik[312],-0.0817733,0.00127583,0.0795792,-0.231938,-0.0582634,-0.0126035,3890.55,967.078,0.999304
log_lik[313],-0.046558,0.000238603,0.0153327,-0.0748516,-0.0445043,-0.0252845,4129.35,1026.44,0.999488
log_lik[314],-0.04933,0.000326381,0.019416,-0.086216,-0.0460021,-0.0236406,3538.91,879.669,0.999781
log_lik[315],-0.0660785,0.000745486,0.0472269,-0.159585,-0.0540228,-0.0163692,4013.27,997.583,0.999534
log_lik[316],-0.0429789,0.000264893,0.0177221,-0.0766129,-0.0403593,-0.0193625,4475.99,1112.6,0.99971
log_lik[317],-0.0515371,0.000509709,0.0313756,-0.10891,-0.0443844,-0.0169019,3789.13,941.866,0.999425
log_lik[318],-0.0451681,0.000314692,0.0204097,-0.0836196,-0.0416813,-0.0192156,4206.32,1045.57,0.999286
log_lik[319],-0.0467238,0.000319083,0.0179894,-0.0792014,-0.0434697,-0.0230672,3178.52,790.086,0.999564
log_lik[320],-0.0502891,0.000361091,0.0210083,-0.0904954,-0.0465608,-0.022926,3384.92,841.393,0.999872
log_lik[321],-0.0587447,0.00115688,0.0746407,-0.181168,-0.0366104,-0.00636306,4162.67,1034.72,0.999754
log_lik[322],-0.0506865,0.000500166,0.0305618,-0.105681,-0.0436245,-0.016571,3733.62,928.07,0.999322
log_lik[323],-0.0445847,0.000312733,0.0205364,-0.0842209,-0.0409801,-0.0187007,4312.22,1071.89,0.999896
log_lik[324],-3.24505,0.00646499,0.424631,-3.96001,-3.22151,-2.57872,4314.08,1072.35,0.99958
log_lik[325],-0.043378,0.000213196,0.0140954,-0.0689423,-0.0415968,-0.02425,4371.13,1086.53,0.999518
log_lik[326],-0.0478082,0.000304757,0.0209163,-0.0872396,-0.0443977,-0.0204859,4710.44,1170.88,0.999779
log_lik[327],-0.0471139,0.000299001,0.0180761,-0.0810673,-0.0442028,-0.0230945,3654.82,908.48,0.99933
log_lik[328],-0.0497017,0.000333328,0.0198799,-0.0874588,-0.0463478,-0.0235068,3557.01,884.169,0.999797
log_lik[329],-0.0455279,0.00026863,0.0158665,-0.0742845,-0.0431067,-0.0241936,3488.6,867.163,0.999421
log_lik[330],-0.0443672,0.000299135,0.0190039,-0.0814746,-0.0410412,-0.0199629,4036.0,1003.23,0.9998
log_lik[331],-0.044783,0.00025272,0.0177023,-0.0782259,-0.0422559,-0.020726,4906.62,1219.64,0.999668
log_lik[332],-0.0436049,0.000178219,0.0132359,-0.0675286,-0.0422519,-0.024345,5515.68,1371.04,0.999289
log_lik[333],-0.0644673,0.000993145,0.0601751,-0.184323,-0.0467482,-0.0114077,3671.21,912.554,0.999975
log_lik[334],-3.2211,0.00598311,0.409131,-3.94654,-3.19845,-2.573,4675.96,1162.31,0.999767
log_lik[335],-0.0430442,0.000263722,0.0177227,-0.0766398,-0.0404636,-0.019439,4516.13,1122.58,0.999713
log_lik[336],-0.0490856,0.000381843,0.0217492,-0.0904999,-0.0449544,-0.0213223,3244.28,806.433,0.999413
log_lik[337],-0.0594686,0.00056838,0.0352175,-0.128055,-0.050933,-0.0188075,3839.19,954.311,0.999725
log_lik[338],-3.08163,0.00858923,0.478461,-3.90721,-3.06777,-2.31285,3103.02,771.319,0.999598
log_lik[339],-0.0479317,0.000377848,0.0206069,-0.0863743,-0.0440292,-0.0217019,2974.35,739.335,0.999677
log_lik[340],-0.0491994,0.000389233,0.0254233,-0.098895,-0.0441538,-0.0181745,4266.24,1060.46,0.999966
log_lik[341],-0.0751804,0.00138281,0.0742025,-0.206038,-0.0536749,-0.0131264,2879.48,715.753,1.00114
log_lik[342],-0.0483377,0.000379409,0.0207057,-0.0871639,-0.044341,-0.0218305,2978.28,740.313,0.999734
log_lik[343],-0.0503676,0.000415104,0.0230709,-0.0932698,-0.045836,-0.0214737,3088.99,767.833,0.999912
log_lik[344],-0.0428786,0.000285855,0.0186875,-0.0786423,-0.039732,-0.0185684,4273.75,1062.33,0.99974
log_lik[345],-0.0435404,0.000308299,0.0199974,-0.0821059,-0.0399261,-0.0181649,4207.29,1045.81,0.999821
log_lik[346],-3.2293,0.00429063,0.312711,-3.7623,-3.21071,-2.73607,5311.83,1320.37,0.999301
log_lik[347],-3.23643,0.00606324,0.405433,-3.91949,-3.21287,-2.60437,4471.24,1111.42,0.999537
log_lik[348],-0.0843109,0.000319774,0.0197659,-0.118633,-0.0825763,-0.0552913,3820.74,949.724,1.00002
log_lik[349],-0.0843109,0.000319774,0.0197659,-0.118633,-0.0825763,-0.0552913,3820.74,949.724,1.00002
log_lik[350],-0.0487059,0.000410131,0.0221094,-0.0904889,-0.044296,-0.0209349,2906.11,722.373,0.999699
log_lik[351],-0.0843109,0.000319774,0.0197659,-0.118633,-0.0825763,-0.0552913,3820.74,949.724,1.00002
log_lik[352],-0.0843109,0.000319774,0.0197659,-0.118633,-0.0825763,-0.0552913,3820.74,949.724,1.00002
log_lik[353],-0.0843109,0.000319774,0.0197659,-0.118633,-0.0825763,-0.0552913,3820.74,949.724,1.00002
log_lik[354],-0.0421526,0.000184269,0.013848,-0.0676121,-0.0405434,-0.0226622,5647.67,1403.85,0.999452
log_lik[355],-0.0843109,0.000319774,0.0197659,-0.118633,-0.0825763,-0.0552913,3820.74,949.724,1.00002
log_lik[356],-0.0843109,0.000319774,0.0197659,-0.118633,-0.0825763,-0.0552913,3820.74,949.724,1.00002
log_lik[357],-0.0843109,0.000319774,0.0197659,-0.118633,-0.0825763,-0.0552913,3820.74,949.724,1.00002
log_lik[358],-0.044613,0.000247833,0.0171617,-0.075913,-0.0420672,-0.0217381,4795.18,1191.94,0.999233
log_lik[359],-0.0843109,0.000319774,0.0197659,-0.118633,-0.0825763,-0.0552913,3820.74,949.724,1.00002
log_lik[360],-0.043911,0.000252147,0.0173581,-0.0767302,-0.0412531,-0.020578,4739.09,1178.0,0.999696
log_lik[361],-0.0461844,0.000292748,0.0168665,-0.0772232,-0.0432521,-0.023492,3319.43,825.114,0.999504
log_lik[362],-0.0843109,0.000319774,0.0197659,-0.118633,-0.0825763,-0.0552913,3820.74,949.724,1.00002
log_lik[363],-0.0482292,0.000378854,0.0206693,-0.0867277,-0.0443062,-0.0217883,2976.51,739.874,0.999719
log_lik[364],-0.0843109,0.000319774,0.0197659,-0.118633,-0.0825763,-0.0552913,3820.74,949.724,1.00002
log_lik[365],-0.0843109,0.000319774,0.0197659,-0.118633,-0.0825763,-0.0552913,3820.74,949.724,1.00002
log_lik[366],-0.0843109,0.000319774,0.0197659,-0.118633,-0.0825763,-0.0552913,3820.74,949.724,1.00002
log_lik[367],-0.0428091,0.000194228,0.0143905,-0.0696378,-0.0410361,-0.0228079,5489.42,1364.51,0.999484
log_lik[368],-0.0430077,0.000185553,0.0139246,-0.069149,-0.0415213,-0.0233467,5631.55,1399.84,0.999434
log_lik[369],-0.0440975,0.000194957,0.0132528,-0.0678001,-0.0425615,-0.0254433,4621.03,1148.65,0.999257
log_lik[370],-3.17736,0.00762628,0.40467,-3.85884,-3.17029,-2.54434,2815.63,699.883,0.999561
log_lik[371],-0.0429108,0.000222764,0.0158403,-0.0721799,-0.0409252,-0.0212206,5056.36,1256.86,0.999605
log_lik[372],-0.0492506,0.000413649,0.0222993,-0.0914734,-0.044721,-0.021127,2906.15,722.383,0.99982
log_lik[373],-0.0506114,0.000438873,0.0239573,-0.0952763,-0.0457027,-0.0209594,2979.88,740.712,0.999891
log_lik[374],-0.0843109,0.000319774,0.0197659,-0.118633,-0.0825763,-0.0552913,3820.74,949.724,1.00002
log_lik[375],-0.0843109,0.000319774,0.0197659,-0.118633,-0.0825763,-0.0552913,3820.74,949.724,1.00002
log_lik[376],-0.0445661,0.000239151,0.0167843,-0.0758758,-0.0423478,-0.0218964,4925.66,1224.38,0.999693
log_lik[377],-0.0843109,0.000319774,0.0197659,-0.118633,-0.0825763,-0.0552913,3820.74,949.724,1.00002
log_lik[378],-0.0458472,0.000268568,0.0158952,-0.0748322,-0.0433579,-0.0243425,3502.87,870.711,0.99946
log_lik[379],-0.0843109,0.000319774,0.0197659,-0.118633,-0.0825763,-0.0552913,3820.74,949.724,1.00002
log_lik[380],-0.0434855,0.000179645,0.013429,-0.0683729,-0.0421228,-0.0241475,5588.03,1389.02,0.999377
log_lik[381],-0.0432754,0.00017907,0.0133663,-0.068335,-0.0418216,-0.0241369,5571.58,1384.93,0.999369
log_lik[382],-0.0427426,0.000207309,0.015052,-0.0705629,-0.0409036,-0.0219915,5271.68,1310.39,0.999541
log_lik[383],-0.0843109,0.000319774,0.0197659,-0.118633,-0.0825763,-0.0552913,3820.74,949.724,1.00002
log_lik[384],-0.0448033,0.000193635,0.0144047,-0.0711786,-0.0432326,-0.0242844,5533.99,1375.59,0.999454
log_lik[385],-0.0428285,0.00019705,0.0143601,-0.0693371,-0.0410702,-0.0229676,5310.83,1320.12,0.999482
log_lik[386],-0.0434645,0.000211534,0.0151991,-0.071885,-0.041751,-0.0224487,5162.63,1283.28,0.99957
log_lik[387],-0.0431167,0.00018642,0.0138016,-0.0690596,-0.0415927,-0.0237028,5481.16,1362.45,0.999425
log_lik[388],-0.0471703,0.000240688,0.0174323,-0.0795579,-0.0447036,-0.0230546,5245.68,1303.92,0.999554
log_lik[389],-0.0843109,0.000319774,0.0197659,-0.118633,-0.0825763,-0.0552913,3820.74,949.724,1.00002
log_lik[390],-0.0843109,0.000319774,0.0197659,-0.118633,-0.0825763,-0.0552913,3820.74,949.724,1.00002
log_lik[391],-0.0455794,0.000268566,0.0158658,-0.0745534,-0.0431547,-0.0242512,3489.98,867.506,0.999432
log_lik[392],-0.0843109,0.000319774,0.0197659,-0.118633,-0.0825763,-0.0552913,3820.74,949.724,1.00002
